0,1
健康煮HI辣麻辣香锅,健康煮
新元素ING,"新元素, Elementfresh"
两岸咖啡厅,两岸咖啡
赛百味,"赛百味, SUBWAY"
鲜果时间,鲜果时间
金米兰咖啡体验馆,金米兰咖啡
鱼一哥火锅,鱼一哥
missmilk鲜奶吧,"MissMilk酸奶家族, MissMilk"
嘉和一品粥,嘉和一品
阿贝兹,"阿贝兹, MiaBellezza"
茶大爷奶茶,"茶大爷, teadaye"
有拈头成都市井火锅,有拈头
老磨坊豆花渔村,老磨坊
乡水源头,乡水源
丽华快餐,丽华快餐
索非蜜斯甜品站,"索非蜜斯, SoMi"
雕刻时光私家咖啡,雕刻时光
波比艾斯,波比艾斯
仙芋世家,仙芋世家
两岸咖啡,两岸咖啡
膨膨冰,膨膨冰
老港记甜品,老港记
ZOO COFFEE,"动物园咖啡, zoo coffee, zoocoffee"
厚呷,"厚呷, HOUJIA"
C多多,c多多
ZOO COFFEE,"动物园咖啡, zoo coffee, zoocoffee"
外婆家香辣面馆,外婆家
探茶,探茶
香芋仙,香芋仙
老娘舅,老娘舅
贵族世家牛排,贵族世家牛排
松竹日式涮涮锅,松竹
帕斯库奇Caffe Pascucci,"帕斯库奇, Pascucc"
Krispy Kreme,"卡卡圈坊, Krispy Kreme, KrispyKreme"
米集盒酱香大骨饭,米集盒
阿牛与仙草,阿牛与仙草
清真・百味记小郡肝串串香火锅,百味记小郡肝
海捞王老坛酸菜鱼,捞王
royaltea 皇冕皇茶,"皇茶, royal tea, royaltea"
鲜果港,鲜果港
amicicoffee,"欧米奇, AMICI COFFEE, AMICICOFFEE"
贝塔咖啡,"贝塔咖啡, BetaCafe"
满哥甜品,满哥甜品
大虎老火锅,大虎老火锅
辛迪果饮,"辛迪果饮, cider drink, ciderdrink"
欧吉斯yogiboost,"欧吉斯, Yogiboost"
INCHA印茶,"印茶, INCHA"
新辣道香巴辣串串,新辣道
潘师傅面食铺,潘师傅
粥全粥到,粥全粥到
新辣道鱼火锅,新辣道
candy master,"糖果大师, Candy Master, CandyMaster"
米多面多,"米多面多, MIDOU"
丸作食茶,丸作食茶
鱼尚鲜草帽石锅鱼,鱼尚鲜
茶公子与茶女仕,茶公子与茶女仕
三元梅园,三元梅园
Y茶,"Y茶, ding tea, dingtea"
川味观,川味观
新辣道鱼火锅,新辣道
蛋仔小茶,蛋仔小茶
o2小氧鲜榨果汁,o2小氧
世界茶饮,世界茶饮
塞纳左岸咖啡,"塞纳左岸, SanaZoan"
与见茶,与见茶
雅岛英皇茶,雅岛英皇茶
甜品1号店,甜品1号
李先生酱骨菜馆,"李先生, Mrlee"
星巴克,"星巴克, Starbucks"
老磨坊七佰岁羊汤馆,老磨坊
淳百味,淳百味
MANGO SIX韩流咖啡,"MANGO SIX, MANGOSIX"
屿蓝湾鲜果茶,屿蓝湾鲜果茶
COMEBUY甘杯,"甘杯, COMEBUY"
vq鲜榨果汁,VQ鲜榨果汁
蓝湾咖啡,蓝湾咖啡
朝茶TSAOCAA,朝茶
重庆顺水鱼馆火锅,顺水鱼馆
唯客西餐吧,唯客
周麻婆,周麻婆
蒸美味早餐,蒸美味
王子拉茶,王子拉茶
蛙来哒炭烧牛蛙,蛙来哒
塞纳左岸咖啡,"塞纳左岸, SanaZoan"
朝茶,朝茶
吉野家,吉野家
欧米奇,"欧米奇, AMICI COFFEE, AMICICOFFEE"
川渝部落重庆老火锅,川渝部落
辛发亭,辛发亭
罗帝可可果汁吧,"罗帝可可, RODICOCO"
查朵J’ADORE,"查朵, J‘adore, jadore"
Tasty Road,"西堤牛排, Tasty"
COMEBUY甘杯,"甘杯, COMEBUY"
咖啡陪你,"咖啡陪你, Caffebene"
50岚鲜茶连锁,50岚鲜茶
小摘堂茶,小摘堂茶
雕刻时光茶社,雕刻时光
恩茶,"恩茶, ENCHA"
小鱼小牛,小鱼小牛
Mangostar,"星角, Mango star, Mangostar"
九份仙芋,九份仙芋
老爷锅,老爷锅
大渝火锅,大渝火锅
连咖啡,"连咖啡, Coffee Box, CoffeeBox"
恋暖初茶,恋暖初茶
吉野家,吉野家
熬八年台湾火锅,熬八年
1点点,"1点点, 1cc"
川国演义川味主题餐厅,"川国演义, 川锅演义"
塞纳左岸咖啡,"塞纳左岸, SsanaZoan"
华必和,华必和
lavazza拉瓦萨咖啡,"拉瓦萨, LAVAZZA"
茶玛TEAMACC,"茶玛, TEAMACC"
优多C,优多C
蒸浏记,蒸浏记
重庆巴将军火锅,巴将军火锅
鲜果时间,鲜果时间
外婆家乡味小厨,外婆家
年年大丰收鱼庄,年年大丰收鱼庄
StayReal Café,StayReal
重庆大队长主题火锅,大队长主题火锅
老乡鸡王府大街店,老乡鸡
illy咖啡,illy咖啡
西堤牛排,"西堤牛排, Tasty"
马兰拉面,"马兰拉面, Malan"
辣f穿越文化老火锅,辣f
新辣道火锅,新辣道
布维记,布维记
新川国演义火锅,"川国演义, 川锅演义"
缤果鲜茶,缤果鲜茶
酒窝甜品,酒窝甜品
珍奶工坊,珍奶工坊
麦当劳,"麦当劳, ""MCDONALDS"""
茶颜悦色,茶颜悦色
CITITEE-吸吉茶,"吸吉茶, CITITEA, CITITEE"
厚呷台式奶茶,"厚呷, HOUJIA"
茗记甜品,茗记甜品
老磨坊功夫菜馆,老磨坊
芝士时光・月影,芝士时光
屿蓝湾鲜果茶,屿蓝湾鲜果茶
CITITEE―吸吉茶,"吸吉茶, CITITEA, CITITEE"
吸吉茶饮,"吸吉茶, CITITEA, CITITEE"
室町品茶奶茶饮品,室町品茶
果麦的鲜饮创作,果麦
MANGOSIX咖啡厅,"MANGO SIX, MANGOSIX"
illy咖啡,illy咖啡
三只耳黄焖牛肉火锅店,三只耳
caffarel口福莱巧克力,"口福莱, Caffarel"
黑玉奶茶・甜品,黑玉奶茶
茶诱惑冰城,茶诱惑
赛巴奴毛肚小火锅,巴奴毛肚
珍奶工坊益民路122号,珍奶工坊
乐乐茶鲜饮,"乐乐茶, LELECHA, LE LE CHA"
知乎茶也,知乎茶也
虾吃虾涮火锅,虾吃虾涮
迪欧咖啡,迪欧咖啡
黑龙茶娄桥店,黑龙茶
COSTA COFFEE,"咖世家, costa"
玛格利塔现烤披萨,"玛格利塔, Magritta"
米集盒,米集盒
川江号子火锅,川江号子
磨咖小镇,磨咖小镇
金五门秘制时尚火锅,金五门
鱼豆吉・豆浆鱼火锅,鱼豆吉
MVUkeTokyo,"布歌东京, mvuke tokyo, mvuketokyo"
地下铁,地下铁
辣府重庆火锅,辣府
Seesaw Coffee,"西舍咖啡, Seesaw Coffee, SeesawCoffee"
彤德莱火锅,彤德莱
茶颜悦色店里,茶颜悦色
茶颜悦色,茶颜悦色
淳百味,淳百味
不二茶铺,不二茶铺
蜀大侠火锅,蜀大侠
TheOneCake,"炭茶, THEONE"
萃茶师,萃茶师
斗牛士牛排餐厅,斗牛士牛排
丹堤咖啡,丹堤咖啡
石二锅,石二锅
重庆刘一手火锅,"刘一手火锅, 重庆刘一手火锅"
大娘水饺,大娘水饺
遇见奶牛,遇见奶牛
黔乡牧人,黔乡牧人
答案茶,"答案, ANSWER TEA, ANSWERTEA"
阿旺茶,"阿旺茶, AWON"
漫咖啡,"漫咖啡, MAANCOFFEE"
汕头八合里海记牛肉店,八合里海记
安乃迪尔,"安乃迪尔, ONadore"
奶熊奶茶,奶熊奶茶
塞纳左岸中西餐厅,"塞纳左岸, SanaZoan"
小鱼小牛,小鱼小牛
COMEBUY甘杯,"甘杯, COMEBUY"
糖品屋,糖品
华必和大食堂,华必和
茶大爷,"茶大爷, teadaye"
Yummy鸡蛋仔,"雅蜜优格, yummy"
阿华大虾,阿华大虾
VOX.COFFEE,"唯咖啡, VOX"
BAKERS,"百特喜, BAKERS"
糖半甜,糖半甜
果麦,果麦
东来顺鲜羊肉炭火锅,东来顺
百味记小郡肝,百味记小郡肝
theone智能钢琴教室,"炭茶, THEONE"
小蒙牛,小蒙牛
暹香泰茶,暹香泰茶
满记甜品,满记甜品
鱼豆吉・豆浆鱼火锅,鱼豆吉
星角芒果冰,"星角, Mango star, Mangostar"
二人锅,二人锅
BBQ烧腊,"比比客, bbq"
缤果鲜茶,缤果鲜茶
喜虾客时尚火锅,喜虾客
淳百味,淳百味
热辣壹号,热辣壹号
妙茶记新中式茶饮,妙茶
珍奶工坊,珍奶工坊
蛙来哒炭烧牛蛙,蛙来哒
meltin,"慕婷, Meltin"
百年老妈火锅,百年老妈
奶熊果饮,奶熊果饮
避风港奶茶,避风港
萃茶师,萃茶师
雨花西餐厅,雨花西餐厅
itea找茶,"找茶, I tea, Itea"
王子拉茶,王子拉茶
二人锅,二人锅
庆丰包子铺,庆丰包子铺
傣妹火锅,傣妹火锅
芒不颠,"芒不颠, crazymango"
i转角,"i转角, ICORNER"
恋暖初茶,恋暖初茶
和茶仓,和茶仓
重庆巴将军火锅,巴将军火锅
蛋挞王子一号店,蛋挞王
维果部落,"维果部落, vingco"
舞茶道,舞茶道
唯咖啡vox,"唯咖啡, VOX"
豪尚豪牛排馆,豪尚豪
五条人糖水铺,五条人糖水铺
Port Tea葡茶,"葡茶, Port Tea, PortTea"
royaltea东御皇茶,"皇茶, royal tea, royaltea"
阿华大虾,阿华大虾
一夫茶,一夫茶
哈里欧咖啡厅,哈里欧咖啡
上岛咖啡,上岛咖啡
巴四老城区炭火蛙锅,巴四老城区炭火蛙锅
佳佳基,佳佳基
COLD STONE,"酷圣石, Cold Stone, ColdStone"
茶颜悦色,茶颜悦色
烹大师涮涮锅,烹大师
壹早壹碗豆腐脑,壹早壹碗
仙芋世家,仙芋世家
真功夫,真功夫
皇城老妈,皇城老妈
意大利咖啡体验馆,"意大利咖啡, Cafe Barbera, CafeBarbera"
茶屋此店,"茶屋, TRDLO"
如皋小尾羊欢乐牧场自助火锅,小尾羊
电台巷儿小月君肝串串香,电台巷
珍奶工坊,珍奶工坊
斯利美爆姐家,斯利美
85度Tea,85度tea
本位咖啡,"本位咖啡, BASIS COFFEE, BASISCOFFEE"
典记甜品,典记甜品
四季榴莲,四季榴莲
哈根达斯,哈根达斯
巴贝拉意式休闲餐厅,"巴贝拉, Babela"
7分甜,7分甜
重庆南山渔火鱼火锅原齐齐火锅,齐齐火锅
淘汰郎小火锅,淘汰郎
大龙D火锅,大龙D
迪欧咖啡,迪欧咖啡
三不牛腩,三不牛腩
巴贝拉意式休闲餐厅,"巴贝拉, Babela"
漫咖啡,"漫咖啡, MAANCOFFEE"
雅岛英皇茶,雅岛英皇茶
知乎茶也,知乎茶也
记忆年代老火锅,"记忆年代老火锅, 记忆.年代老火锅"
胡须张鲁肉饭,胡须张
台资味,台资味
东方既白,东方既白
街头茶客,街头茶客
我呀便当,我呀便当
蛋挞王子,蛋挞王
地下铁,地下铁
素食楼,鱼豆吉
江一湖火锅串串香,江一湖
西堤岛咖啡西餐厅,西堤岛咖啡
小蒙牛顶级麻辣养生锅,小蒙牛
HEY JUICE茶桔便,"茶桔便, Hey Juice, HeyJuice"
西堤牛排,"西堤牛排, Tasty"
良木缘咖啡西餐,良木缘
1cc,"1点点, 1cc"
咖啡之翼自动现磨咖啡机,咖啡之翼
周麻婆,周麻婆
西树泡芙,"Chez Choux, 西树泡芙"
磨咖小镇,磨咖小镇
漫猫咖啡,漫猫咖啡
蓝湾咖啡,蓝湾咖啡
弥茶,弥茶
茶颜悦色+好多鱼,茶颜悦色
斗牛士牛排餐厅,斗牛士牛排
半兽人中华火锅料理店,半兽人
西尾抹茶,西尾抹茶
阿香婆干锅厨房,阿香婆
刘一手火锅,"刘一手火锅, 重庆刘一手火锅"
必来客削面王,"必来客, BELIKE"
川成元,川成元
舌尖记忆,舌尖记忆
和合谷,和合谷
喜年贡茶,喜年贡茶
李先生,"李先生, Mrlee"
半兽人中华火锅料理,半兽人
萨莉亚意式餐厅,"萨莉亚, Saizeriya"
Sweet Corner,"甜蜜转身, Sweet Corner, SweetCorner"
小龙坎老火锅,小龙坎老火锅
漫咖啡,"漫咖啡, MAANCOFFEE"
汉堡王德胜西式快餐,"汉堡王, BurgerKing"
黄记煌三汁焖锅,黄记煌
二人锅,二人锅
口渴了饮品,口渴了
大头椰,大头椰
避风港,避风港
谷子帝五谷煎饼,谷子帝
辣f穿越文化老火锅,辣f
遇见奶牛,遇见奶牛
潘师傅湘菜馆,潘师傅
雪花姐姐,雪花姐姐
易思凯斯咖啡,"易思凯斯, Esquires"
啡域咖啡,啡域咖啡
华莱士,华莱士
泰芒了便利店,泰芒了
外婆烧私家菜,外婆烧
蒙自源小锅米线,蒙自源
Z潮牛潮汕牛肉火锅,"Z潮牛, 禾记潮牛"
乡水源火锅,乡水源
葡茶POCTEA,"葡茶, Port Tea, PortTea"
西堤岛咖啡厅,西堤岛咖啡
Honeycreme,"Honey Creme, HoneyCreme"
茶之道,茶之道
Port Tea葡茶,"葡茶, Port Tea, PortTea"
重庆乡水源火锅,乡水源
尚客优品中式快餐,尚客优品
1点点甜不甜,"1点点, 1cc"
爵士岛咖啡会所,爵士岛咖啡
掂档潮汕牛肉火锅,掂档潮汕牛肉
O2小氧纯鲜榨果汁,o2小氧
爱思米中式快餐,"爱思米, Kissme"
爷茶,"爷茶, GRANDPA"
王品台塑牛排,王品台塑牛排
滇草香云南原生态汤火锅,滇草香
东来顺超市,东来顺
麦咖啡,"麦咖啡, McCafe"
仙芋世家,仙芋世家
聪少甜品,聪少甜品
冰果彩虹,"冰果彩虹, ICEGOBOW"
问茶,问茶
乌煎道黑龙茶,乌煎道黑龙茶
72街,72街
谢谢茶xiexietea・谢谢包xiexiebao,"谢谢茶, XieXieTea"
荼啡茶,荼啡茶
本宫的茶,本宫的茶
甜猫甜品,甜猫甜品
佳佳基西式快餐,佳佳基
皇城老妈涮涮锅,皇城老妈
江一湖小郡肝串串香,江一湖
满哥甜品,满哥甜品
西树泡芙,"Chez Choux, 西树泡芙"
米多面多,"米多面多, MIDOU"
外婆家自助小火锅,外婆家
多喜爱冰激淋,多喜爱
彤德莱火锅,彤德莱
Teddy coffee,"泰迪咖啡, Teddy"
朝茶,朝茶
不二锅FUJIPOT小火锅,不二锅
觅糖记甜点,"觅糖记, MeetDessert"
上岛咖啡,上岛咖啡
狗不理包子店,狗不理
百味记小郡肝罐罐串串,百味记小郡肝
淘汰郎火锅,淘汰郎
粥鼎记,粥鼎记
和茶仓,和茶仓
阿华大虾,阿华大虾
汕头八合里海记牛肉,八合里海记
唯客利快餐店,唯客
1点点,"1点点, 1cc"
蒙自源小锅,蒙自源
唐恩都乐,"唐恩都乐, dunkin donuts, dunkindonuts"
奉茶,"奉茶, FANG CHA, FANGCHA"
永和大王,"永和大王, 台式风味的精致快餐"
榴莲一品,榴莲一品
粥鼎记早餐,粥鼎记
一芳水果茶,一芳水果茶
川国演义・酸菜鱼,"川国演义, 川锅演义"
王品台塑牛排馆,王品台塑牛排
Morozoff摩洛索夫,morozoff
百特喜鹅肝比萨意大利餐厅,"百特喜, BAKERS"
壹早壹碗豆腐脑,壹早壹碗
小龙坎老火锅,小龙坎老火锅
遇见奶牛,遇见奶牛
东池便当,东池便当
喜虾客・虾火锅,喜虾客
鹿谷u茶,鹿谷u茶
毋米粥顺德菜馆,毋米粥
蒂奥莎巧克力Diosa,"蒂奥莎, DIOSA"
茶物语,茶物语
欧索米萝咖啡,欧索米萝咖啡
三只耳鱼火锅,三只耳
"蛋挞王,鸡排先生",蛋挞王
Krispy Kreme Doughnuts,"卡卡圈坊, Krispy Kreme, KrispyKreme"
大娘水饺,大娘水饺
谷香果乐鲜饮吧,谷香果乐
icegobow冰果彩虹,"冰果彩虹, ICEGOBOW"
朝茶晚酒,朝茶
港芝悦,港芝悦
途尚咖啡,"途尚咖啡, Twosome"
豪尚豪牛排馆,豪尚豪
素匠泰茶,素匠泰茶
米集盒,米集盒
吸吉茶饮,"吸吉茶, CITITEA, CITITEE"
有家酸菜鱼,有家酸菜鱼
亚惠美食,亚惠美食
豪客来牛排,"豪客来, houcaller"
蜀大侠四川传统主义火锅,蜀大侠
地下铁奶茶小吃店,地下铁
海岸茶度,海岸茶度
柠檬王子,柠檬王子
theone,"炭茶, THEONE"
和合谷,和合谷
大渝火锅,大渝火锅
永和大王,"永和大王, 台式风味的精致快餐"
伊示雅咖啡简餐,"伊示雅, ISHIJAH"
西树泡芙,"Chez Choux, 西树泡芙"
毛家饭店,毛家饭店
张阿姨奶茶,张阿姨奶茶
仙芋世家,仙芋世家
川渝部落重庆老火锅,川渝部落
胡须张鲁肉饭,胡须张
真功夫,真功夫
Royaltea皇茶天下,"皇茶, royal tea, royaltea"
外婆家烤鱼餐厅,外婆家
唯客多西式快餐,唯客
都可,"都可, COCO, 都可茶饮"
宇治茶铺,宇治茶铺
味千拉面,"味千拉面, 较大的休闲餐厅连锁经营商"
大快活,大快活
比格汉堡西餐厅,"比格, Big Pizza, BigPizza"
口福居火锅,口福居火锅
茶色倾城奶茶店,茶色倾城
许府牛杂火锅,许府牛
丹堤咖啡,丹堤咖啡
萨莉亚,"萨莉亚, Saizeriya"
大娘水饺,大娘水饺
Fuel Espresso,"Fuel Espresso, FuelEspresso"
斯利美甜品店,斯利美
茶丸家,茶丸
陶然居精致淮扬菜,陶然居
VQ鲜榨果汁,VQ鲜榨果汁
唯客奶思,唯客
臻好时冻酸奶,臻好时冻酸奶
Lelecha乐乐茶,"乐乐茶, LELECHA, LE LE CHA"
漫雪的茶,漫雪的茶
二人锅,二人锅
过江龙火锅,过江龙火锅
秋叶塘甜品,秋叶塘
味千拉面,"味千拉面, 较大的休闲餐厅连锁经营商"
大龙D火锅,大龙D
吉祥馄饨,吉祥馄饨
四海游龙,四海游龙
王子拉茶,王子拉茶
索菲克牛排.欢享餐厅,"索菲克, Sofeco"
恩茶,"恩茶, ENCHA"
安乃迪尔咖啡・烘焙,"安乃迪尔, ONadore"
微咖啡,"微咖啡, MicroCoffee"
吴小姐炒酸奶,吴小姐炒酸奶
猫屎咖啡,猫屎咖啡
川江号子,川江号子
茶诱惑,茶诱惑
仁记甜品,仁记甜品
品尚豆捞,品尚豆捞
Movenpick café莫凡彼咖啡馆,"莫凡彼, Movenpick"
茶丸家・纯手工珍珠,茶丸
茶托邦,茶托邦
芒不颠港式甜品,"芒不颠, crazymango"
HERE THERE 这里那里咖啡书吧,"这里那里, HERE THERE, HERETHERE"
吸吉茶饮 奔牛店,"吸吉茶, CITITEA, CITITEE"
九龙巴士,九龙巴士
重庆大队长主题火锅,大队长主题火锅
青沫茶颜,青沫茶颜
维果部落天使之橙,"维果部落, vingco"
非茶不可,非茶不可
芝士客皇茶,芝士客皇茶
蓝湾咖啡,蓝湾咖啡
来必堡,来必堡
CITITEE一吸吉茶,"吸吉茶, CITITEA, CITITEE"
咖啡陪你,"咖啡陪你, Caffebene"
米莫的茶,米莫的茶
i转角icorner,"i转角, ICORNER"
芒不颠,"芒不颠, crazymango"
喜茶,"喜茶, HEEKCAA"
luckin coffee,"瑞幸咖啡, luckin"
骑士老虎茶・黑糖,骑士老虎茶
漾漾好贡茶,漾漾好贡茶
来必堡美食城,来必堡
西园宇治抹茶,西园宇治抹茶
哆可牛乳茶,哆可
地下铁,地下铁
吉祥馄饨,吉祥馄饨
阿香婆剁肉饺子,阿香婆
kika,kika
台资味,台资味
蒸功夫灌汤包,蒸功夫
鱼一哥,鱼一哥
茉沏,茉沏
巴贝拉意式休闲餐厅,"巴贝拉, Babela"
重庆小天鹅,重庆小天鹅
口渴了饮品,口渴了
麻里麻里香锅,麻里麻里香锅
爱思米中式时尚简餐,"爱思米, Kissme"
VQ鲜榨果汁,VQ鲜榨果汁
米集盒,米集盒
漫猫咖啡,漫猫咖啡
壹小馆.皇城老妈,壹小馆皇城老妈
百味记小郡肝砂罐串串,百味记小郡肝
COSTA COFFEE,"咖世家, costa"
辛发亭,辛发亭
无锡傣妹火锅,傣妹火锅
INCHA印茶,"印茶, INCHA"
米集盒,米集盒
傣妹火锅,傣妹火锅
行运打边炉,行运打边炉
小辉哥米线,小辉哥
聪少甜品,聪少甜品
李先生菌菇拉面,"李先生, Mrlee"
咖啡陪你caffebene,"咖啡陪你, Caffebene"
茶风暴,茶风暴
zoo coffee,"动物园咖啡, zoo coffee, zoocoffee"
老乡鸡,老乡鸡
锅小二,锅小二
大家乐家常菜,大家乐
哈根达斯,哈根达斯
快乐柠檬,"快乐柠檬, Happy lemon, Happylemon"
encha恩茶,"恩茶, ENCHA"
豪享来欧诺拉,豪享来
东方饺子王,东方饺子王
狗不理包子,狗不理
缤果鲜茶,缤果鲜茶
蛋仔小茶,蛋仔小茶
芝士时光,芝士时光
茶家 TEAKHA,茶家
水玉丸作,水玉丸作
辛发亭甜品,辛发亭
可可树,可可树
蛙来哒炭烧牛蛙,蛙来哒
和合谷,和合谷
滇草香云南原生态汤火锅,滇草香
百转千味涮涮吧,千味涮
左庭右院,左庭右院
青沫茶颜,青沫茶颜
四云奶盖贡茶,四云奶盖贡茶
ONADORE,"安乃迪尔, ONadore"
微咖啡,"微咖啡, MicroCoffee"
世界茶饮,世界茶饮
郑州市如一坊餐饮有限公司,如一坊
淳百味,淳百味
年年大丰收鱼庄,年年大丰收鱼庄
芒可,芒可
麦隆咖啡,"麦隆咖啡, MELLOWER"
麦当劳,"麦当劳, ""MCDONALDS"""
一夫茶,一夫茶
B.B.Q. HOUSE,"比比客, bbq"
luckin coffee瑞幸咖啡,"瑞幸咖啡, luckin"
大快活,大快活
蒙自源,蒙自源
重庆秦妈火锅,秦妈火锅
谷子帝五谷煎饼,谷子帝
popomilk,"婆婆鲜奶坊, popomilk"
o2小氧鲜榨果汁,o2小氧
蓝山咖啡馆,蓝山咖啡
Sofeco索菲克牛排馆,"索菲克, Sofeco"
口渴了饮品,口渴了
石二锅,石二锅
茶公子与茶女仕,茶公子与茶女仕
陈记顺和潮汕牛肉,陈记顺和潮汕牛肉
麻里麻里香锅,麻里麻里香锅
喜虾客,喜虾客
亚惠.美食市集,亚惠美食
问茶,问茶
过江龙火锅城,过江龙火锅
Qlao趣捞,趣捞
小摘堂茶,小摘堂茶
钱都日式涮涮锅,钱都日式涮涮锅
果麦奶茶,果麦
ZOO COFFEE,"动物园咖啡, zoo coffee, zoocoffee"
小南国餐厅,小南国
尚上捞旋转小火锅,尚上捞
蛙来哒咨询管理有限公司,蛙来哒
非茶不可,非茶不可
东方饺子王,东方饺子王
50岚鲜茶连锁,50岚鲜茶
恋暖初茶,恋暖初茶
骑士老虎茶・黑糖,骑士老虎茶
蒸美味营养餐厅,蒸美味
集渔・泰式海鲜火锅,集渔
Hollys Coffee,"豪丽斯, HOLLYS COFFEE, HOLLYSCOFFEE"
贵族世家牛排,贵族世家牛排
三元梅园,三元梅园
芝士时光,芝士时光
爱思米海鲜干锅,"爱思米, Kissme"
贡茶,贡茶
黑玉奶茶,黑玉奶茶
阿香婆饺子农家菜,阿香婆
腩潮鲜牛腩火锅,腩潮鲜
亚惠美食广场,亚惠美食
永和豆浆,永和豆浆
奶熊果饮,奶熊果饮
Eimio爱咪欧冻酸奶,"爱咪欧, Ei mio, Eimio"
妙茶坊,妙茶
小蒙牛顶级麻辣养生锅,小蒙牛
许留山,许留山
茶桔便,"茶桔便, Hey Juice, HeyJuice"
树心旁,树心旁
厚呷台式茶饮制造,"厚呷, HOUJIA"
海底捞火锅,海底捞
古茗奶茶,古茗
阿贝兹,"阿贝兹, MiaBellezza"
华莱士炸鸡汉堡,华莱士
TWOSOME途尚咖啡,"途尚咖啡, Twosome"
布维记,布维记
蓝山咖啡,蓝山咖啡
呷哺呷哺,呷哺呷哺
咔咔西茶饮,"咔咔西, kakaxi"
台资味美食外送,台资味
小蒙牛顶级麻辣养生馆,小蒙牛
鲜煮艺小火锅,鲜煮艺小火锅
汕头八合里海记牛肉店,八合里海记
西部爵世牛排河间店,西部爵世
甘杯,"甘杯, COMEBUY"
8botea8波茶,"8波茶, 8 bo tea, 8botea, 8bo tea"
水天堂西餐厅,水天堂
暹香泰茶,暹香泰茶
关茶奶缇音乐休闲茶吧,关茶
蒸浏记,蒸浏记
巴里岛咖啡,巴里岛咖啡
暹香泰茶,暹香泰茶
COMEBUY甘杯,"甘杯, COMEBUY"
海底捞串一起嗨,海底捞
靓茶,"靓茶, leeacca"
许府牛牛气冲天・老山东特色火锅,许府牛
NOBIBI,nobibi
黑泷太郎,黑泷太郎
豪丽斯咖啡,"豪丽斯, HOLLYS COFFEE, HOLLYSCOFFEE"
厚呷台式茶饮,"厚呷, HOUJIA"
永和豆浆旗舰店,永和豆浆
50岚鲜茶专卖连锁,50岚鲜茶
快乐柠檬,"快乐柠檬, Happy lemon, Happylemon"
重庆秦妈火锅,秦妈火锅
小南国酒家,小南国
贡茶,贡茶
茶屋居,"茶屋, TRDLO"
麻辣小屋,麻辣小屋
小南国家常菜,小南国
缤果鲜茶,缤果鲜茶
朝茶,朝茶
哆可饮品,哆可
蒙自源过桥米线,蒙自源
蒸浏记・浏阳蒸菜,蒸浏记
赛百味,"赛百味, SUBWAY"
烹然四季椰子鸡火锅,烹然四季
茶家,茶家
GELATODINATURA,"杰拉朵, Gelato"
青沫茶颜,青沫茶颜
BIGPIZZA,"比格, Big Pizza, BigPizza"
公主馋港式甜品小站,公主馋
江巴奴重庆市井火锅,巴奴
咖咖奥咖啡,"咖咖奥, THECAFEKACAO"
72街,72街
彤德莱火锅,彤德莱
茶丸家,茶丸
Honey Creme,"Honey Creme, HoneyCreme"
上岛咖啡,上岛咖啡
集集小镇,集集小镇
蛙来哒炭烧牛蛙,蛙来哒
Y茶,"Y茶, ding tea, dingtea"
永和大王,"永和大王, 台式风味的精致快餐"
九份仙芋,九份仙芋
豪客来牛排,"豪客来, houcaller"
大龙D火锅,大龙D
温州牛很鲜潮汕牛肉火锅店,牛很鲜
顺水鱼馆,顺水鱼馆
马迭尔,"马迭尔, MADIEER"
叶子与茶,叶子与茶
港饮之港,港饮之港
蓝樽咖啡,"蓝樽咖啡, Blue bottle, Bluebottle"
亲爱的郭私房秘制,亲爱的郭
星巴克臻选,"星巴克, Starbucks"
重庆德庄火锅,德庄火锅
坎爷秘制火锅,坎爷秘制
檬舒舒MonChouChou,"檬舒舒, MonChouChou"
麦地初茶,麦地初茶
四川新元素都江堰直营店,"新元素, Elementfresh"
柠檬王子,柠檬王子
重庆秦妈火锅,秦妈火锅
恩茶encha,"恩茶, ENCHA"
重庆秦妈火锅,秦妈火锅
MOINEAU,Moineau
50岚鲜茶连锁,50岚鲜茶
bluebottle咖啡,"蓝樽咖啡, Blue bottle, Bluebottle"
TEAMACC茶玛,"茶玛, TEAMACC"
仁记甜品,仁记甜品
布维记,布维记
X造杯,X造杯
肯德基,"肯德基, KFC"
江一湖小郡肝串串香,江一湖
塞纳左岸咖啡,"塞纳左岸, SsanaZoan"
东池便当,东池便当
九鼎轩中心厨房,九鼎轩
斗牛士牛排餐厅,斗牛士牛排
巴里岛咖啡,巴里岛咖啡
小南国早餐店,小南国
我呀便当,我呀便当
茶桔便,"茶桔便, Hey Juice, HeyJuice"
瑞幸咖啡,"瑞幸咖啡, luckin"
真功夫,真功夫
全城寻味,全城寻味
香天下川味居,香天下
VQ鲜榨果汁吧,VQ鲜榨果汁
甜猫甜品,甜猫甜品
芋观园,芋观园
稻香米中式快餐,稻香
鱼尚鲜,鱼尚鲜
华必和,华必和
Port Tea葡茶,"葡茶, Port Tea, PortTea"
辣f重庆老火锅,辣f
ESQUIRES COFFEE,"易思凯斯, Esquires"
满哥甜品,满哥甜品
蒸膳美,蒸膳美
华莱士炸鸡汉堡,华莱士
青沫茶颜,青沫茶颜
茶之道,茶之道
半兽人火锅料理,半兽人
台资味台式便当,台资味
慕丝精致蛋糕,"慕丝, MOUSSE"
一点味餐厅,一点味餐厅
过江龙火锅,过江龙火锅
罗帝可可Rodicoco美食&轻吧,"罗帝可可, RODICOCO"
淳百味饭范,淳百味
厚呷台式茶饮制造,"厚呷, HOUJIA"
载沅家炒酸奶,载沅家
蛙来哒炭烧牛蛙,蛙来哒
淳百味,淳百味
青沫茶颜,青沫茶颜
关茶,关茶
欧米奇蛋糕屋,"欧米奇, AMICI COFFEE, AMICICOFFEE"
芋贵人甜品,芋贵人
西少爷油饼,西少爷
汕头八合里海记牛肉店,八合里海记
杏记甜品,杏记甜品
漾漾好贡茶,漾漾好贡茶
DORABELLA朵娜贝拉,"朵娜贝拉, dorabella"
一只酸奶牛,一只酸奶牛
一只酸奶牛,一只酸奶牛
宫悦贡茶,宫悦贡茶
重庆小天鹅火锅,重庆小天鹅
肯德基,"肯德基, KFC"
老娘舅,老娘舅
麦隆咖啡时尚休闲餐厅,"麦隆咖啡, MELLOWER"
千味涮,千味涮
如一坊豆捞,如一坊
美滋美味削面,美滋美
斯利美,斯利美
福华新辣道肥牛火锅,新辣道
全城寻味坊,全城寻味
丽华快餐,丽华快餐
INCHA 印茶,"印茶, INCHA"
嗲茶,嗲茶
老爷锅,老爷锅
四云奶盖贡茶,四云奶盖贡茶
丽华快餐,丽华快餐
乌所味,乌所味
斗牛士牛排餐厅,斗牛士牛排
亚惠美食广场,亚惠美食
一品三笑,一品三笑
松竹怡园,松竹
巧滋巧味,巧滋巧味
益加益健康煮,健康煮
HollysCoffee豪丽斯咖啡,"豪丽斯, HOLLYS COFFEE, HOLLYSCOFFEE"
稻香馆,稻香
宏状元粗粮馆,宏状元
麻里麻里香锅,麻里麻里香锅
TheOne,"炭茶, THEONE"
比格比萨,"比格, Big Pizza, BigPizza"
鱼一哥,鱼一哥
萃茶师,萃茶师
茶之道,茶之道
Dorabella 朵娜贝拉,"朵娜贝拉, dorabella"
丹堤咖啡,丹堤咖啡
两岸咖啡,两岸咖啡
荼啡茶,荼啡茶
塞纳左岸咖啡厅,"塞纳左岸, SsanaZoan"
麦咖啡,"麦咖啡, McCafe"
布歌东京MvukeTokyo,"布歌东京, mvuke tokyo, mvuketokyo"
汕头八合里海记牛肉店,八合里海记
王子拉茶,王子拉茶
西树泡芙,"Chez Choux, 西树泡芙"
锅小二酸菜鱼,锅小二
一芳台湾水果茶,一芳台湾水果茶
蒙自源过桥米线,蒙自源
茶着,茶着
老磨坊豆业,老磨坊
赛百味,"赛百味, SUBWAY"
趣捞火锅,趣捞
雪冰Sulbing,雪冰
巴奴川香居火锅,巴奴
西少爷肉夹馍,西少爷
逸美时光咖啡,逸美时光
蜀大侠火锅,蜀大侠
下一站奶茶文化专门店,下一站奶茶
罗帝可可鲜饮＆烘培,"罗帝可可, RODICOCO"
恋暖初茶,恋暖初茶
北家姓转转小火锅,北家姓
德克士三叠泉,"德克士, Dicos"
乡水源重庆火锅,乡水源
黑龙茶,黑龙茶
草原小肥羊,小肥羊
巧芋工坊,巧芋工坊
老娘舅,老娘舅
老爷锅,老爷锅
华必和,华必和
COMEBUY甘杯,"甘杯, COMEBUY"
聪少甜品,聪少甜品
恒记甜品,恒记甜品
暹香泰茶,暹香泰茶
蓝湾咖啡,蓝湾咖啡
食翠澳门豆捞,澳门豆捞
麻里麻里香锅,麻里麻里香锅
奶茶工坊饮品店,奶茶工坊
妙茶,妙茶
巧芋工坊,巧芋工坊
尊比格披萨,"比格, Big Pizza, BigPizza"
骑士老虎茶黑糖,骑士老虎茶
i转角icorner,"i转角, ICORNER"
新元素・米妮,"新元素, Elementfresh"
吉祥馄饨,吉祥馄饨
顺水鱼馆,顺水鱼馆
阿官火锅专家,阿官火锅专家
稻香村,稻香
moussecake,"慕丝, MOUSSE"
猫山王榴莲MusangKing,"猫山王, Musang King, MusangKing"
真功夫,真功夫
星巴克,"星巴克, Starbucks"
哥老官串串香,"哥老官, 哥老官美蛙鱼头"
研磨时光咖啡-Time TABLE,研磨时光
满记甜品,满记甜品
蛋仔小茶,蛋仔小茶
THEONE炭茶,"炭茶, THEONE"
丹堤咖啡,丹堤咖啡
华夫班特,"华夫班特, waffle bant, wafflebant"
不二锅,不二锅
庆丰包子铺,庆丰包子铺
SPR咖啡,"SPR咖啡, SPR COFFEE, SPRCOFFEE"
茶百道,茶百道
经士贡龙茶,经士贡龙茶
华莱士炸鸡汉堡,华莱士
茶托邦,茶托邦
大虎老火锅,大虎老火锅
鱼一哥宝塔锅王,鱼一哥
漫猫咖啡,漫猫咖啡
港芝悦,港芝悦
烹大师海鲜自助火锅,烹大师
大虎老火锅,大虎老火锅
鲜果时间,鲜果时间
欢乐柠檬饮品,欢乐柠檬
豪口福,豪口福
spr咖啡牛扒馆,"SPR咖啡, SPR COFFEE, SPRCOFFEE"
东方饺子王,东方饺子王
萨莉亚,"萨莉亚, Saizeriya"
奶茶博士,奶茶博士
黑玉奶茶甜品炸鸡杯,黑玉奶茶
蜜,蜜
坎爷秘制火锅,坎爷秘制
一点味餐厅,一点味餐厅
黑泷太郎,黑泷太郎
集渔泰式海鲜火锅,集渔
蒸浏记.浏阳蒸菜,蒸浏记
泰迪熊私藏茶,泰迪熊私藏茶
茶着乐熹家,茶着
奶茶工坊,奶茶工坊
重庆巴将军火锅店,巴将军火锅
奶茶工坊,奶茶工坊
missmilk酸奶家族,"MissMilk酸奶家族, MissMilk"
凡情蒂诺时尚甜品旗舰店,"凡情蒂诺, Valentino"
舞茶道,舞茶道
鱼尚鲜草帽石锅鱼,鱼尚鲜
YummyCake娅咪蛋糕烘焙,"雅蜜优格, yummy"
米多面多,"米多面多, MIDOU"
萨莉亚意式餐厅,"萨莉亚, Saizeriya"
蒸功夫包子专卖,蒸功夫
半兽人中华火锅,半兽人
阿华大虾火锅,阿华大虾
蒸功夫钙骨汤包专卖店,蒸功夫
蒂奥莎手工巧克力,"蒂奥莎, DIOSA"
永和大王,"永和大王, 台式风味的精致快餐"
宫悦贡茶,宫悦贡茶
小肥羊羊肉馆,小肥羊
茶家Tea etc,茶家
Ishijah Coffee,"伊示雅, ISHIJAH"
宫悦贡茶,宫悦贡茶
TEAMACC 茶玛鲁广店,"茶玛, TEAMACC"
西少爷肉夹馍,西少爷
甜贵人,甜贵人
稻香永丰,稻香
布歌东京,"布歌东京, mvuke tokyo, mvuketokyo"
谷子帝五谷煎饼,谷子帝
爵士岛咖啡,爵士岛咖啡
连咖啡Coffee Box,"连咖啡, Coffee Box, CoffeeBox"
重庆孔亮火锅,孔亮火锅
糖汇甜品,糖汇甜品
蜜,蜜
味蜀吾火锅,味蜀吾
春阳茶事,春阳茶事
茶大爷,"茶大爷, teadaye"
这一锅,这一锅
许留山,许留山
外婆烧木桶饭,外婆烧
小肥羊涮园,小肥羊
椒麻鸡手撕鸡,椒麻鸡
乡村小肥羊,小肥羊
德庄火锅,德庄火锅
连咖啡CoffeeBox,"连咖啡, Coffee Box, CoffeeBox"
甜果日记港式创意甜品,甜果日记
仙芋世家,仙芋世家
千味涮,千味涮
漫猫咖啡店,漫猫咖啡
爱思米时尚简餐,"爱思米, Kissme"
东池便当,东池便当
VOX咖啡,"唯咖啡, VOX"
重度巴将军火锅,巴将军火锅
豪口福,豪口福
御厨传奇自助涮烤,御厨传奇
阿香婆家常菜,阿香婆
公主馋,公主馋
黔乡牧人烫皮羊肉,黔乡牧人
大龙D火锅,大龙D
愉筷快餐,愉筷
luckincoffeelsi,"瑞幸咖啡, luckin"
华必和快捷餐厅,华必和
胡须张鲁肉饭,胡须张
下雪的村庄,下雪的村庄
茶风暴奶茶店,茶风暴
东方饺子王,东方饺子王
COMEBUY甘杯,"甘杯, COMEBUY"
胡须张鲁肉饭,胡须张
重庆刘一手火锅,"刘一手火锅, 重庆刘一手火锅"
茶屋语,"茶屋, TRDLO"
重庆小天鹅,重庆小天鹅
粥鼎记,粥鼎记
百味记小郡肝砂罐串串,百味记小郡肝
西少爷肉夹馍,西少爷
波比艾斯华夫甜筒,波比艾斯
八合里海记,八合里海记
雅岛英皇茶,雅岛英皇茶
轻觅手作鲜茶,轻觅
蛙小侠铁锅牛蛙,蛙小侠
茶咖道奶茶店,茶咖道
Fuel Espresso,"Fuel Espresso, FuelEspresso"
不二锅FUJIPOT外卖小火锅,不二锅
汕头八合里海记牛肉火锅店,八合里海记
马兰拉面,"马兰拉面, Malan"
捞王锅物料理,捞王
LA NUOVA乐诺华,"LA NUOVA, LANUOVA"
湾捞王锅物料理,捞王
珍奶工坊,珍奶工坊
西少爷腊汁肉夹馍,西少爷
探茶,探茶
巴奴毛肚火锅,巴奴毛肚
帕斯库奇咖啡,"帕斯库奇, Pascucc"
辛迪果饮,"辛迪果饮, cider drink, ciderdrink"
Mangosix,"MANGO SIX, MANGOSIX"
集集小镇,集集小镇
李先生加州牛肉面,"李先生, Mrlee"
帕斯库奇咖啡 Caffe Pascucci,"帕斯库奇, Pascucc"
来必堡,来必堡
百味记小郡肝罐罐串串火锅,百味记小郡肝
顺水鱼馆,顺水鱼馆
厚呷・台式茶饮制造,"厚呷, HOUJIA"
麝香猫咖啡,"麝香猫, Musk Cat, MuskCat"
石二锅,石二锅
蓝山咖啡馆,蓝山咖啡
牛很鲜潮汕牛肉火锅,牛很鲜
LEEACCA靓茶,"靓茶, leeacca"
研磨时光空中花园店,研磨时光
凡情蒂诺比利时巧克力,"凡情蒂诺, Valentino"
壹早壹碗,壹早壹碗
掂档潮汕牛肉火锅,掂档潮汕牛肉
柠檬王子,柠檬王子
豪尚豪牛排馆,豪尚豪
贡茶,贡茶
淘汰郎小火锅,淘汰郎
川渝部落重庆老火锅,川渝部落
大渝火锅,大渝火锅
大家乐粮油百货,大家乐
重庆德庄火锅,德庄火锅
欧米奇蛋糕房,"欧米奇, AMICI COFFEE, AMICICOFFEE"
粥鼎记,粥鼎记
冰雪皇后,"冰雪皇后, Dairy Queen, DairyQueen"
大娘水饺,大娘水饺
一芳台湾水果茶,一芳台湾水果茶
美滋美味美食城,美滋美
亲爱的郭小火锅,亲爱的郭
茶丸家,茶丸
老东来顺,东来顺
澳门豆捞,澳门豆捞
紫龙火锅,紫龙火锅
猫山王榴莲甜品蛋糕MusangKing,"猫山王, Musang King, MusangKing"
SPR Coffee,"SPR咖啡, SPR COFFEE, SPRCOFFEE"
重庆德庄火锅,德庄火锅
来必堡,来必堡
外婆烧饼铺,外婆烧
O2小氧,o2小氧
芒可,芒可
丽华快餐,丽华快餐
欢乐柠檬,欢乐柠檬
百年老妈,百年老妈
蒸美味小吃,蒸美味
川渝部落,川渝部落
叶子与茶,叶子与茶
好伦哥比萨自助餐厅,"好伦哥, Origus"
大娘水饺,大娘水饺
欧索米萝咖啡,欧索米萝咖啡
七杯茶,七杯茶
heekcaa茶,"喜茶, HEEKCAA"
茶家七宝,茶家
巧滋巧味甜品店,巧滋巧味
NENLUTEA,"嫩绿茶, Nenlu Tea, NenluTea"
马兰拉面,"马兰拉面, Malan"
Gelato Amore,"杰拉朵, Gelato"
甜蜜转身,"甜蜜转身, Sweet Corner, SweetCorner"
黑泷堂,黑泷堂
黄记煌三汁焖锅,黄记煌
摸错门牛肚王,摸错门牛肚王
缤果鲜茶,缤果鲜茶
轻觅烘焙,轻觅
川味观,川味观
腩潮鲜牛腩火锅,腩潮鲜
X造杯奶茶店,X造杯
NenluTea,"嫩绿茶, Nenlu Tea, NenluTea"
集渔・泰式海鲜火锅,集渔
恒记甜品,恒记甜品
Nobibi美食研究所,nobibi
蜀公馆,蜀公馆
好伦哥,"好伦哥, Origus"
佳客来,"佳客来, JOYCALLER"
锅小二小火锅,锅小二
辉哥火锅,辉哥火锅
愉筷,愉筷
贡茶,贡茶
第七街1973,第七街
真功夫小吃,真功夫
利奥尼达斯比利时巧克力,"利奥尼达斯, LEONIDAS"
茶物语,茶物语
宇治抹茶的,宇治抹茶
奶熊果饮,奶熊果饮
BBQ炸鸡?汉堡,"比比客, bbq"
雕刻时光甜品语茶,雕刻时光
咖啡陪你CaffeBene,"咖啡陪你, Caffebene"
蜜の蜜制鲜饮,蜜
小辉哥老火锅,小辉哥
佰人王串串香火锅,佰人王串串香
避风港茶饮,避风港
如一坊豆捞,如一坊
重庆乡水源火锅,乡水源
Double Win Cafe,"Double Win Cafe, DoubleWinCafe"
蒸美味营养快餐,蒸美味
尚上捞,尚上捞
迪欧咖啡,迪欧咖啡
蒸膳美营养快餐,蒸膳美
咖咖奥咖啡,"咖咖奥, THECAFEKACAO"
辛发亭.甜品名店,辛发亭
一只酸奶牛,一只酸奶牛
柠檬王子,柠檬王子
榴芒一族,榴芒一族
蜀大侠火锅,蜀大侠
张阿姨奶茶,张阿姨奶茶
萨莉亚意式餐厅,"萨莉亚, Saizeriya"
Little Bean sprout,"LITTLE BEAN, LITTLEBEAN"
九龙巴士,九龙巴士
轰咖咖喱饭,轰咖咖喱饭
埃尔咖啡,埃尔咖啡
蓝湾咖啡,蓝湾咖啡
必胜客,必胜客
吸吉茶,"吸吉茶, CITITEA, CITITEE"
清花草原小肥羊火锅,小肥羊
茶诱惑,茶诱惑
辣f重庆老火锅,辣f
顺水鱼馆,顺水鱼馆
蒸膳美,蒸膳美
尚客优品中式快餐连锁,尚客优品
大快活,大快活
海底捞火锅,海底捞
漫咖啡,"漫咖啡, MAANCOFFEE"
川府老妈川菜,川府老妈
重庆铁锅门养身香辣馆,铁锅门养身香辣馆
gelato pique café,"杰拉朵, Gelato"
奶茶博士,奶茶博士
DELIZIEFOLLIE,DELIZIEFOLLIE
FIRST KISS,"FIRST KISS, FIRSTKISS"
豪客来牛排,"豪客来, houcaller"
Hollys Coffee豪丽斯咖啡,"豪丽斯, HOLLYS COFFEE, HOLLYSCOFFEE"
川味观野生烤鱼馆,川味观
如一坊火锅,如一坊
漫咖啡,"漫咖啡, MAANCOFFEE"
与见茶,与见茶
漫猫咖啡,漫猫咖啡
避风港奶茶店,避风港
百客家,百客家
尚上捞欢乐小火锅,尚上捞
小辉哥,小辉哥
宇治茶铺,宇治茶铺
北家姓转转小火锅,北家姓
好伦哥,"好伦哥, Origus"
大快活农家菜馆,大快活
海底捞精品自助火锅,海底捞
云说不二锅,不二锅
新作之茶Sun Tea,新作之茶
INCHA印茶,"印茶, INCHA"
呷哺呷哺,呷哺呷哺
港饮之港,港饮之港
淳百味,淳百味
恋暖初茶,恋暖初茶
虾吃虾涮,虾吃虾涮
百味记小郡肝串串火锅,百味记小郡肝
吉祥馄饨,吉祥馄饨
黑玉奶茶饮铺,黑玉奶茶
小红袍香港私房火锅料理,小红袍
张阿姨奶茶,张阿姨奶茶
八合里海记牛肉店,八合里海记
干锅居,干锅居
狗不理包子专卖,狗不理
比格比萨,"比格, Big Pizza, BigPizza"
芒可,芒可
一只酸奶牛,一只酸奶牛
稻香石磨肠粉,稻香
磨咖小镇,磨咖小镇
川国演义,"川国演义, 川锅演义"
榴莲一品,榴莲一品
地下铁,地下铁
室町品茶,室町品茶
蒸功夫川菜,蒸功夫
小巴奴火锅,巴奴
塞纳左岸咖啡,"塞纳左岸, SsanaZoan"
舞茶道,舞茶道
巴奴毛肚火锅,巴奴毛肚
重庆大队长主题火锅,大队长主题火锅
面点王,面点王
丹堤咖啡,丹堤咖啡
弥茶,弥茶
甜甜圈老婆饼,"甜甜圈, DAYLIGHT DONUTS, DAYLIGHTDONUTS"
喜栈,"喜栈, XZ"
东方既白,东方既白
芋观园,芋观园
VQ鲜榨果汁,VQ鲜榨果汁
蜜蜜制鲜饮,蜜
阿华大虾,阿华大虾
哈根达斯,哈根达斯
腩潮鲜牛腩火锅店,腩潮鲜
蒸浏记,蒸浏记
yummy cake亚蜜蛋糕,"雅蜜优格, yummy"
电台巷火锅,电台巷
亲爱的郭秘制火锅鸡,亲爱的郭
老爷锅,老爷锅
珍仕鲜榨果汁JAZCU,"珍仕, Jazcu"
七叶和茶,"七叶和茶, nanass green tea, nanassgreentea"
甜蜜转身,"甜蜜转身, Sweet Corner, SweetCorner"
曼妙午后,曼妙午后
亚惠美食市集,亚惠美食
8090鲜萃茶,8090鲜萃茶
Esquires Coffee,"易思凯斯, Esquires"
葡茶POCTEA,"葡茶, Port Tea, PortTea"
水天堂西餐厅,水天堂
恋暖初茶,恋暖初茶
蜜my girl,蜜
Mango star,"星角, Mango star, Mangostar"
外婆烧自选餐厅,外婆烧
贵族世家牛排,贵族世家牛排
小肥羊火锅店,小肥羊
YO.BA.,"优芭, YOBA"
嗲茶,嗲茶
松竹涮涮锅,松竹
Dairy Queen,"冰雪皇后, Dairy Queen, DairyQueen"
真功夫,真功夫
Y茶,"Y茶, ding tea, dingtea"
地下铁,地下铁
胡须张鲁肉饭,胡须张
香芋仙,香芋仙
江一湖重庆老火锅,江一湖
巴奴火锅,巴奴
阿水大杯茶,阿水大杯茶
一芳台湾水果茶,一芳台湾水果茶
淳百味,淳百味
师兄芋圆,师兄芋圆
辛发亭甜品名店,辛发亭
茶家,茶家
杏记甜品,杏记甜品
稻香美食栈,稻香
刘一手火锅,"刘一手火锅, 重庆刘一手火锅"
喜茶,"喜茶, HEEKCAA"
外婆家,外婆家
鹿谷u茶,鹿谷u茶
comebuy甘杯,"甘杯, COMEBUY"
inwe,"因味茶, inWE"
MOVENPICK 莫凡彼冰淇淋,"莫凡彼, Movenpick"
淘汰郎小火锅外卖,淘汰郎
华莱士,华莱士
甜蜜转身,"甜蜜转身, Sweet Corner, SweetCorner"
小肥羊串烧心管夹肉,小肥羊
街头茶客,街头茶客
豪享来牛排,豪享来
猫山王优质榴莲甜品,"猫山王, Musang King, MusangKing"
傣妹火锅,傣妹火锅
嗲茶,嗲茶
王子拉茶,王子拉茶
舌尖记忆时尚旋转小火锅,舌尖记忆
太二酸菜鱼,太二酸菜鱼
Cafe de paris帝佰利,"帝佰利, cafe de Paris, cafedeParis"
香芒山甜品,香芒山
面点王,面点王
LEEACCA靓茶,"靓茶, leeacca"
芭斯罗缤,芭斯罗缤
一芳台湾水果茶,一芳台湾水果茶
巴奴毛肚火锅,巴奴毛肚
蜜桃咖啡,蜜桃咖啡
漫咖啡,"漫咖啡, MAANCOFFEE"
VQ鲜榨果汁,VQ鲜榨果汁
TWOSOME生,"途尚咖啡, Twosome"
东方饺子王,东方饺子王
百客家,百客家
愉筷中式快餐,愉筷
答案茶,"答案, ANSWER TEA, ANSWERTEA"
ZOO COFFEE,"动物园咖啡, zoo coffee, zoocoffee"
觅甜记甜品,觅甜记
Y茶,"Y茶, ding tea, dingtea"
港饮之港,港饮之港
TEDDY B,"泰迪咖啡, Teddy"
一芳台湾水果茶,一芳台湾水果茶
酒窝甜品,酒窝甜品
illy咖啡,illy咖啡
永和豆浆馆,永和豆浆
比比客小敏美食店,"比比客, bbq"
稻香铁板炒饭,稻香
必胜客火锅,必胜客
咖咖奥咖啡,"咖咖奥, THECAFEKACAO"
华莱士时尚快乐餐厅,华莱士
雀圣冰室,雀圣冰室
voxcoffee唯咖啡,"唯咖啡, VOX"
茶狼FUSHI,茶狼
gelato+di+natura,"杰拉朵, Gelato"
马兰拉面,"马兰拉面, Malan"
大快活,大快活
左庭右院鲜牛肉火锅,左庭右院
咔咔西奶茶,"咔咔西, kakaxi"
黄手艺火锅店,黄手艺
华必和,华必和
石二锅,石二锅
弥茶,弥茶
茶托邦,茶托邦
老娘舅去骨烧鱼饭,老娘舅
鱼尚鲜草帽石锅鱼,鱼尚鲜
外婆烧自选餐厅,外婆烧
鸿仔港式奶茶,鸿仔港式奶茶
TWOSOME途尚咖啡,"途尚咖啡, Twosome"
唯客大排档,唯客
探茶,探茶
知乎茶也,知乎茶也
仙芋传奇甜品,仙芋传奇
嘉和一品营养粥铺,嘉和一品
鹿谷u茶,鹿谷u茶
Dairy Fairy,"dairy fairy, dairyfairy"
这一锅,这一锅
三只耳冷锅鱼,三只耳
bbq烤肉拌饭,"比比客, bbq"
甜甜圈&tea,"甜甜圈, DAYLIGHT DONUTS, DAYLIGHTDONUTS"
蛙来哒炭烧牛蛙,蛙来哒
BBQ烧烤吧,"比比客, bbq"
蒸浏记,蒸浏记
洋房火锅,洋房火锅
豪尚豪牛排,豪尚豪
四海游龙,四海游龙
茶丸家,茶丸
阿华大虾,阿华大虾
重庆大队长主题火锅,大队长主题火锅
夏日沫沫茶,夏日沫沫茶
meetea鸣茶,"鸣茶, MEE TEA, MEETEA"
漫雪的茶SNOWTEA,漫雪的茶
豪客来牛排,"豪客来, houcaller"
豪享来,豪享来
大队长主题火锅,大队长主题火锅
荼啡茶,荼啡茶
一芳水果茶,一芳水果茶
味千拉面,"味千拉面, 较大的休闲餐厅连锁经营商"
茶之道茶舍,茶之道
黑龙茶,黑龙茶
蒙自源小锅米线,蒙自源
Leonidas 朱古力,"利奥尼达斯, LEONIDAS"
品尚豆捞,品尚豆捞
苏阁鲜茶・鱼蛋哥哥,苏阁鲜茶
永和豆浆大王,永和豆浆
新元素西餐厅,"新元素, Elementfresh"
巴山味庄串串香主题餐厅,巴山味庄
德克士,"德克士, Dicos"
salud欧洲冻酸奶,Salud
拿多利咖啡,拿多利咖啡
街头茶客,街头茶客
小龙坎老火锅,小龙坎老火锅
茶与布朗,茶与布朗
榴莲一品,榴莲一品
淘汰郎小火锅,淘汰郎
傣妹火锅,傣妹火锅
蓝湾咖啡,蓝湾咖啡
小摘堂茶,小摘堂茶
坎爷秘制火锅,坎爷秘制
漫猫咖啡・MAANCATCOFFEE,漫猫咖啡
牛B奶奶,牛B奶奶
不二锅FUJI POT 小火锅,不二锅
72街,72街
奈雪の茶,奈雪の茶
避风港休闲吧,避风港
Pierre Marcolini,"Pierre Marcolini, PierreMarcolini"
图兰朵咖啡店,"图兰朵, Turandot"
春阳茶事,春阳茶事
遇见奶牛,遇见奶牛
BIANCHI 白 意大利餐厅,"白昂其, BIANCHI"
SUBWAY,"赛百味, SUBWAY"
第七街欧美冰淇淋,第七街
freshmix鲜果优,"鲜果优, Fresh MIX, FreshMIX"
咔咔西茶饮,"咔咔西, kakaxi"
茶桔便-创意饮品连锁,"茶桔便, Hey Juice, HeyJuice"
一只酸奶牛,一只酸奶牛
百特喜意式休闲餐厅,"百特喜, BAKERS"
我呀便当,我呀便当
许府牛,许府牛
佳客来牛排专家,"佳客来, JOYCALLER"
水天堂西餐咖啡厅,水天堂
宇治抹茶,宇治抹茶
老乡鸡,老乡鸡
索菲克牛排,"索菲克, Sofeco"
红舵码头时尚火锅,红舵码头
百客家米线馆,百客家
西堤牛排,"西堤牛排, Tasty"
顺德一哥澳门豆捞,澳门豆捞
真功夫,真功夫
庆丰包子铺,庆丰包子铺
水玉丸作,水玉丸作
下雪的村庄,下雪的村庄
小碗布丁我是糕手,小碗布丁
寻芋记,寻芋记
香芋仙,香芋仙
乌煎道黑龙茶,乌煎道黑龙茶
麦地初茶,麦地初茶
果麦,果麦
街头茶客,街头茶客
漫猫咖啡,漫猫咖啡
妙茶手抓饼店,妙茶
四云奶盖贡茶,四云奶盖贡茶
芭斯罗缤,芭斯罗缤
老爷锅,老爷锅
五条人糖水铺,五条人糖水铺
炊二哥江湖菜,炊二哥
大家乐饭店,大家乐
沙美花庭,沙美花庭
一夫茶,一夫茶
茶桔便,"茶桔便, Hey Juice, HeyJuice"
mycoffeebrak,"MY COFFEE, MYCOFFEE"
金五门,金五门
蓝湾咖啡,蓝湾咖啡
金五门秘制老火锅,金五门
因味茶,"因味茶, inWE"
淳百味,淳百味
载沅家炒酸奶,载沅家
蒸功夫包子,蒸功夫
李先生牛肉面,"李先生, Mrlee"
Icedemon,"冰雪怪, ICE DEMON, ICEDEMON"
蜜MY GIRL COFFEE,蜜
毛家饭店,毛家饭店
糖人甜品店,糖人甜品
肯德基,"肯德基, KFC"
乌所味,乌所味
本宫的茶,本宫的茶
永和大王,"永和大王, 台式风味的精致快餐"
坎爷秘制火锅,坎爷秘制
树心旁烘焙,树心旁
鹿野茶事,鹿野茶事
胡子茶,"胡子茶, WHO’S TEA, WHO’STEA"
Segafredo Zanetti Espresso,Segafredo
阿水大杯茶,阿水大杯茶
蜀大侠火锅,蜀大侠
索菲克三棵松餐饮,"索菲克, Sofeco"
DairyFairy,"dairy fairy, dairyfairy"
辣府?麻辣香锅,辣府
蒸浏记,蒸浏记
不二锅FUJIPOT小火锅,不二锅
老爷锅,老爷锅
玺芝王茶饮,玺芝王茶
淳百味,淳百味
MOVENPICK,"莫凡彼, Movenpick"
8090鲜萃茶,8090鲜萃茶
贵族世家牛排,贵族世家牛排
春阳茶事,春阳茶事
五条人糖水铺,五条人糖水铺
蒸浏记?浏阳蒸菜,蒸浏记
嗑茶,嗑茶
小摘堂茶,小摘堂茶
呷哺呷哺,呷哺呷哺
真功夫,真功夫
嘉和一品,嘉和一品
宏状元,宏状元
葡茶POCTEA,"葡茶, Port Tea, PortTea"
拉芳舍,拉芳舍
嘉和一品粥,嘉和一品
阿水大杯茶,阿水大杯茶
斯利美饮品,斯利美
布歌东京,"布歌东京, mvuke tokyo, mvuketokyo"
星巴克,"星巴克, Starbucks"
ENCHA恩茶台式鲜萃鲜茶,"恩茶, ENCHA"
尚上捞欢乐肥牛小火锅,尚上捞
喜缘火锅,喜缘火锅
四云奶盖贡茶,四云奶盖贡茶
CoffeeBox,"连咖啡, Coffee Box, CoffeeBox"
港饮之港,港饮之港
潘师傅炸鸡腿,潘师傅
贡茶,贡茶
北家姓转转小火锅,北家姓
愉筷餐厅,愉筷
Port Tea葡茶,"葡茶, Port Tea, PortTea"
妙茶,妙茶
骑士老虎茶黑糖,骑士老虎茶
黑泷太郎,黑泷太郎
蜀大侠四川传统主义火锅,蜀大侠
泡泡.撞茶,泡泡撞茶
巴人小龙坎老火锅,小龙坎老火锅
星期五海鲜烧烤,"星期五, FRIDAYS"
庆丰包子铺,庆丰包子铺
乡村基,"乡村基, CSC"
老爷锅,老爷锅
粥全粥到,粥全粥到
重庆德庄火锅,德庄火锅
茶玛靓饮,"茶玛, TEAMACC"
罗帝可可美食咖啡屋,"罗帝可可, RODICOCO"
江一湖重庆火锅,江一湖
周麻婆,周麻婆
柠檬王子,柠檬王子
欧吉斯仙草专卖店,"欧吉斯, Yogiboost"
阿香婆麻辣香锅,阿香婆
甜兮兮蛋糕店,甜兮兮
半兽人回转小火锅,半兽人
彤德莱火锅,彤德莱
电台巷火锅,电台巷
果麦,果麦
香芋仙,香芋仙
斗牛士牛排海鲜,斗牛士牛排
喜年贡茶,喜年贡茶
佳客来,"佳客来, JOYCALLER"
芝士客皇茶,芝士客皇茶
漫雪的茶,漫雪的茶
古茗,古茗
Segafredo,Segafredo
snowhouse,"雪花屋, SNOW HOUSE, SNOWHOUSE"
暹香泰茶,暹香泰茶
金五门秘制火锅,金五门
塞纳左岸咖啡厅,"塞纳左岸, SanaZoan"
甜甜圈烘焙坊,"甜甜圈, DAYLIGHT DONUTS, DAYLIGHTDONUTS"
古茗孙端,古茗
大娘水饺,大娘水饺
麦隆咖啡,"麦隆咖啡, MELLOWER"
四云奶盖贡茶,四云奶盖贡茶
蜀大侠火锅,蜀大侠
迪欧咖啡,迪欧咖啡
T STAR COFFEE 帝星咖啡,"T star coffee, Tstarcoffee"
咖啡之翼咖啡厅,咖啡之翼
亚惠美食,亚惠美食
waffle bant,"华夫班特, waffle bant, wafflebant"
雪冰,雪冰
永和大王,"永和大王, 台式风味的精致快餐"
狗不理包子桃南一巷,狗不理
小龙坎老火锅,小龙坎老火锅
弥茶,弥茶
宏状元,宏状元
品尚豆捞坊,品尚豆捞
西堤牛排,"西堤牛排, Tasty"
老娘舅面馆,老娘舅
mangosix coffee&dessert,"MANGO SIX, MANGOSIX"
春阳茶事,春阳茶事
新辣道鱼火锅,新辣道
吉野家,吉野家
8botea八波茶,"8波茶, 8 bo tea, 8botea, 8bo tea"
巴乡鱼头火锅,巴乡鱼头
波比艾斯,波比艾斯
品尚豆捞,品尚豆捞
TWOSOME途尚咖啡,"途尚咖啡, Twosome"
腩潮鲜火锅,腩潮鲜
mellower? coffee,"麦隆咖啡, MELLOWER"
北家姓自转小火锅,北家姓
吉野家,吉野家
维果部落天使之橙,"维果部落, vingco"
四云奶盖贡茶,四云奶盖贡茶
真功夫,真功夫
重庆川江号子火锅,川江号子
茶米一刻,"茶米, CHAME"
蜀韵天成烤鱼馆,蜀韵天成
萨莉亚意式餐厅,"萨莉亚, Saizeriya"
水天堂西餐厅 WATEP PARADOSE,水天堂
阿华大虾香辣虾锅,阿华大虾
皇城老妈火锅,皇城老妈
周麻婆,周麻婆
美滋美味卤肉卷,美滋美
呷哺呷哺,呷哺呷哺
黄记煌,黄记煌
味千拉面,"味千拉面, 较大的休闲餐厅连锁经营商"
Twosome,"途尚咖啡, Twosome"
贡茶,贡茶
如一坊酒店,如一坊
咖顿羊肉串,"咖顿, Cafedon"
苏阁鲜茶,苏阁鲜茶
图兰朵音乐咖啡厅,"图兰朵, Turandot"
蒂奥莎DIOSA,"蒂奥莎, DIOSA"
集渔泰式海鲜火锅,集渔
西堤岛咖啡,西堤岛咖啡
意大利咖啡・冰淇淋,"意大利咖啡, Cafe Barbera, CafeBarbera"
弥茶,弥茶
海底捞火锅烤肉,海底捞
肥猫咖啡,肥猫咖啡
电台巷火锅,电台巷
酒窝甜品,酒窝甜品
虾吃虾涮,虾吃虾涮
巴四老城区炭火蛙锅,巴四老城区炭火蛙锅
渝城老妈火锅,渝城老妈
illy咖啡,illy咖啡
Mousse Cake法式西点,"慕丝, MOUSSE"
江一湖重庆火锅,江一湖
战锅策创意火锅餐厅,战锅策
布维记,布维记
喜乐芝,"喜乐芝, XEELEEZ"
三元梅园,三元梅园
答案,"答案, ANSWER TEA, ANSWERTEA"
室町品茶,室町品茶
蒸美味小吃,蒸美味
乡水源香辣虾,乡水源
牛鲜生澳门豆捞,澳门豆捞
三只耳河鲜馆,三只耳
室町品茶,室町品茶
榴芒一族私家甜品,榴芒一族
周麻婆,周麻婆
优多c奶茶原料批,优多C
蒸美味快餐店,蒸美味
1点点,"1点点, 1cc"
奈雪の茶,奈雪の茶
米莫的茶,米莫的茶
索菲克牛排・披萨自助,"索菲克, Sofeco"
潘师傅早餐,潘师傅
乡水源头,乡水源
东来顺羊肉券,东来顺
PORTTEA葡茶,"葡茶, Port Tea, PortTea"
缤果鲜茶,缤果鲜茶
川氏捞王主题火锅,捞王
金五门秘制老火锅,金五门
caffarel,"口福莱, Caffarel"
牛B奶奶冷饮水吧,牛B奶奶
甜贵人,甜贵人
真功夫美汤包,真功夫
王子拉茶,王子拉茶
汁心鲜果吧,汁心鲜果吧
御厨传奇养生火锅,御厨传奇
真悦皇茶,真悦皇茶
淘汰郎火锅外卖,淘汰郎
百世德咖啡会所,百世德咖啡
TRDLO茶屋,"茶屋, TRDLO"
海底捞mini火锅外送,海底捞
漫猫咖啡,漫猫咖啡
李先生菠菜面,"李先生, Mrlee"
辛发亭冰点世家,辛发亭
航天万源广场四层新辣道,新辣道
亲爱的郭,亲爱的郭
优果,"优果, Yogo Juice, YogoJuice"
港芝悦,港芝悦
金五门秘制火锅,金五门
雕刻时光咖啡馆,雕刻时光
快乐柠檬,"快乐柠檬, Happy lemon, Happylemon"
尚客优品店,尚客优品
相思蜜哒,相思蜜哒
果麦全国no.518,果麦
尚客优品中式快餐,尚客优品
本宫的茶,本宫的茶
阿牛与仙草,阿牛与仙草
汕头八合里海记牛肉店,八合里海记
集集小镇,集集小镇
维果部落天使之橙,"维果部落, vingco"
阿官火锅专家,阿官火锅专家
LAVAZZA咖啡・主题餐厅,"拉瓦萨, LAVAZZA"
集集小镇,集集小镇
唐恩都乐,"唐恩都乐, dunkin donuts, dunkindonuts"
Dairy Queen,"冰雪皇后, Dairy Queen, DairyQueen"
记忆年代老火锅,"记忆年代老火锅, 记忆.年代老火锅"
萃茶师,萃茶师
潘师傅快餐,潘师傅
毛家饭店便当,毛家饭店
咖咖奥咖啡,"咖咖奥, THECAFEKACAO"
TGI Fridays 高雄梦时代,"星期五, FRIDAYS"
奇火锅,奇火锅
石二锅,石二锅
Origus Pizza,"好伦哥, Origus"
布歌东京,"布歌东京, mvuke tokyo, mvuketokyo"
米多面多,"米多面多, MIDOU"
外婆家泡菜粉,外婆家
冰雪皇后,"冰雪皇后, Dairy Queen, DairyQueen"
乌所味,乌所味
GODIVA,"歌帝梵, Godiva"
illy咖啡,illy咖啡
赛百味,"赛百味, SUBWAY"
coco可可,"都可, COCO, 都可茶饮"
百味记小郡肝砂罐串串,百味记小郡肝
永和大王,"永和大王, 台式风味的精致快餐"
STARBUCKS COFFEE,"星巴克, Starbucks"
彤德莱火锅,彤德莱
川成元麻辣香锅,川成元
蜜之蜜制鲜饮,蜜
咖啡陪你,"咖啡陪你, Caffebene"
小蒙牛顶级麻辣养生锅,小蒙牛
集集小镇,集集小镇
荼啡茶,荼啡茶
TEAMACC茶玛,"茶玛, TEAMACC"
玛格利塔,"玛格利塔, Magritta"
拉瓦萨咖啡,"拉瓦萨, LAVAZZA"
川渝部落老火锅,川渝部落
秦妈火锅,秦妈火锅
朝茶,朝茶
贝蕾魔法BLACK MAGIC,"贝蕾魔法, Black Magic Chocolate, BlackMagicChocolate"
喜年贡茶,喜年贡茶
地下铁,地下铁
朝茶,朝茶
恋暖初茶,恋暖初茶
小红袍龙虾馆,小红袍
战锅策,战锅策
Stickhouse,"Stick house, Stickhouse"
恋尚哥老官重庆美蛙鱼头,"哥老官, 哥老官美蛙鱼头"
C多多,c多多
舞茶道,舞茶道
大快活,大快活
瑞幸咖啡luckincoffee,"瑞幸咖啡, luckin"
檬舒舒MouChouChou,"檬舒舒, MonChouChou"
摸错门牛肚王,摸错门牛肚王
麦当劳,"麦当劳, ""MCDONALDS"""
宇治抹茶の手作甜品,宇治抹茶
玛格利塔,"玛格利塔, Magritta"
雅山快餐,"雅山, gazan"
上岛咖啡,上岛咖啡
华必和,华必和
上岛咖啡,上岛咖啡
麦咖啡,"麦咖啡, McCafe"
本宫的茶,本宫的茶
汉堡王1号店,"汉堡王, BurgerKing"
小尾羊木炭火锅,小尾羊
BABELASKITCHEN,"巴贝拉, Babela"
吉野家,吉野家
水天堂西餐厅,水天堂
口渴了饮品,口渴了
X造杯,X造杯
茶颜悦色,茶颜悦色
古茗,古茗
茶大爷,"茶大爷, teadaye"
米集盒・酱香大骨饭,米集盒
咖啡之翼自动现磨咖啡机,咖啡之翼
鱼豆吉・豆浆鱼火锅,鱼豆吉
集集小镇,集集小镇
米集盒,米集盒
真悦皇茶royaltea,真悦皇茶
川江号子老火锅,川江号子
仙芋世家,仙芋世家
漫咖啡,"漫咖啡, MAANCOFFEE"
有家酸菜鱼,有家酸菜鱼
七杯茶,七杯茶
华莱士石家庄市赵县餐厅,华莱士
仙芋奇圆,仙芋奇圆
两岸咖啡,两岸咖啡
漫咖啡,"漫咖啡, MAANCOFFEE"
Origus Pizza Buffet,"好伦哥, Origus"
塞纳左岸咖啡西餐厅,"塞纳左岸, SanaZoan"
功夫小子中式营养快餐,功夫小子
香芋仙,香芋仙
清真年年大丰收鱼庄,年年大丰收鱼庄
吉祥馄饨,吉祥馄饨
塞纳左岸,"塞纳左岸, SanaZoan"
唯客多,唯客
钱都日式涮涮锅,钱都日式涮涮锅
舞茶道,舞茶道
大家乐,大家乐
O2LIFE,"栖巢咖啡, O2life"
健康煮意,健康煮
许留山,许留山
缤果鲜茶,缤果鲜茶
东方饺子王,东方饺子王
星巴克,"星巴克, Starbucks"
奶熊奶茶,奶熊奶茶
老港记甜品,老港记
奇火锅,奇火锅
问茶,问茶
舞茶道鲜果茶饮,舞茶道
佰人王串串香火锅,佰人王串串香
雪花姐姐正宗韩式牛奶雪花冰,雪花姐姐
集渔・泰式海鲜火锅,集渔
豪口福中式快餐,豪口福
本位咖啡总店,"本位咖啡, BASIS COFFEE, BASISCOFFEE"
缤果鲜茶,缤果鲜茶
茉沏,茉沏
良木缘咖啡西餐,良木缘
宾达咖啡,"宾达, BEAN BAR, BEANBAR"
满记甜品,满记甜品
MANGOSIXI City 店,"MANGO SIX, MANGOSIX"
七叶和茶,"七叶和茶, nanass green tea, nanassgreentea"
Pokka cafe,Pokka
奶熊果饮,奶熊果饮
左庭右院鲜牛肉火锅,左庭右院
小龙坎老火锅,小龙坎老火锅
载沅家酸奶料理,载沅家
铁锅门养身香辣馆,铁锅门养身香辣馆
佳客来牛排专家,"佳客来, JOYCALLER"
芋贵圆,芋贵圆
yummy烘焙便利店,"雅蜜优格, yummy"
知乎茶也,知乎茶也
果留仙清泉快饮,果留仙
哈里欧咖啡,哈里欧咖啡
1点点,"1点点, 1cc"
比格牛排杯,"比格, Big Pizza, BigPizza"
阿香婆欢乐火锅,阿香婆
外婆家的小菜,外婆家
优多C奶茶,优多C
世界茶饮,世界茶饮
地下铁,地下铁
爱思米,"爱思米, Kissme"
春阳茶事,春阳茶事
刘一手火锅,"刘一手火锅, 重庆刘一手火锅"
胡须张鲁肉饭,胡须张
茶颜茶语,茶颜茶语
Blue Bottle Coffee,"蓝樽咖啡, Blue bottle, Bluebottle"
茶色倾城,茶色倾城
米莫的茶,米莫的茶
鱼豆吉,鱼豆吉
鹿野茶事,鹿野茶事
阿香婆过桥米线,阿香婆
许留山,许留山
MALAN餐饮店,"马兰拉面, Malan"
麦咖啡,"麦咖啡, McCafe"
巴贝拉,"巴贝拉, Babela"
一只酸奶牛,一只酸奶牛
CoCo都可,"都可, COCO, 都可茶饮"
红舵码头时尚火锅主题餐厅,红舵码头
1点点,"1点点, 1cc"
森泽小肥羊羊蝎子羊排锅,小肥羊
齐齐火锅,齐齐火锅
杏记甜品,杏记甜品
狗不理灌汤包,狗不理
都可coco,"都可, COCO, 都可茶饮"
夏日沫沫茶,夏日沫沫茶
德庄火锅,德庄火锅
NOBIBI冰淇淋,nobibi
阿官火锅专家,阿官火锅专家
大家乐,大家乐
铁锅门养身香辣馆,铁锅门养身香辣馆
外婆烧中式快餐店,外婆烧
Fridays,"星期五, FRIDAYS"
川府老妈川菜,川府老妈
茶着,茶着
台资味,台资味
永和大王,"永和大王, 台式风味的精致快餐"
佳客来,"佳客来, JOYCALLER"
illy咖啡店,illy咖啡
茶颜茶语,茶颜茶语
唯客多冒菜,唯客
一芳台湾水果茶,一芳台湾水果茶
星期五披萨,"星期五, FRIDAYS"
leeacca靓茶,"靓茶, leeacca"
松竹园农家,松竹
Gelato Sano山诺义式手工冰淇淋,"杰拉朵, Gelato"
茶米恰恰,"茶米, CHAME"
百客家中国时尚快餐专家,百客家
塞纳左岸咖啡,"塞纳左岸, SanaZoan"
宇治茶铺,宇治茶铺
西少爷肉夹馍,西少爷
i转角icorner,"i转角, ICORNER"
觅糖记,"觅糖记, MeetDessert"
快乐柠檬,"快乐柠檬, Happy lemon, Happylemon"
乌所味乌龙茶,乌所味
高丽王朝牛排酱汤火锅,高丽王朝牛排酱汤火锅
仙芋世家,仙芋世家
正新鸡排,正新鸡排
图兰朵音乐咖啡,"图兰朵, Turandot"
六角咖啡,"六角咖啡, La Kaffa, LaKaffa"
巴贝拉意式休闲餐厅,"巴贝拉, Babela"
喜虾客,喜虾客
齐齐火锅,齐齐火锅
七杯茶,七杯茶
松竹林,松竹
茶家看茶,茶家
巴将军火锅,巴将军火锅
蛋挞王,蛋挞王
Realimit coffee and tasty,"西堤牛排, Tasty"
icorner i转角,"i转角, ICORNER"
爱辣啵啵鱼,爱辣啵啵鱼
漾漾好贡茶,漾漾好贡茶
研磨时光咖啡,研磨时光
亚惠美食广场,亚惠美食
1点点,"1点点, 1cc"
大渝火锅,大渝火锅
稻香村饺子馆,稻香
奇火锅,奇火锅
老娘舅,老娘舅
老街傣妹火锅城,傣妹火锅
De Chocolate Coffee,"迪巧克, DE CHOCOLATE, DECHOCOLATE"
集集小镇,集集小镇
艺冉时光,艺冉时光
大口九,大口九
蛙小侠铁锅牛蛙,蛙小侠
o2小氧,o2小氧
嘉和一品,嘉和一品
海捞王,捞王
乌铁茶集,乌铁茶集
优丸茶作,优丸茶作
乡村基,"乡村基, CSC"
雪冰Sulbing,雪冰
御厨传奇转转火锅.清真,御厨传奇
海岸茶度,海岸茶度
恋暖初茶,恋暖初茶
凉先绅台湾地道茶汤,凉先绅
知乎茶也,知乎茶也
萨莉亚,"萨莉亚, Saizeriya"
来必堡,来必堡
重庆小天鹅火锅,重庆小天鹅
素百味素食自助,素百味
椒麻鸡饭,椒麻鸡
奶熊奶茶,奶熊奶茶
觅甜记甜品,觅甜记
潘师傅脆皮鸡腿,潘师傅
老爷锅,老爷锅
香天下火锅,香天下
两岸咖啡,两岸咖啡
黑泷堂,黑泷堂
华必和,华必和
Venchi,venchi
港饮之港,港饮之港
满记甜品,满记甜品
功夫小子快餐,功夫小子
正新鸡排,正新鸡排
满记甜品,满记甜品
royaltea皇茶,"皇茶, royal tea, royaltea"
许府牛・潮汕鲜牛火锅,许府牛
豪享来,豪享来
巴奴川香居火锅,巴奴
重庆酷锅火锅,酷锅
膨膨冰,膨膨冰
淘汰郎小火锅外卖,淘汰郎
SPR咖啡馆,"SPR咖啡, SPR COFFEE, SPRCOFFEE"
厚呷饮品,"厚呷, HOUJIA"
老磨坊农家院,老磨坊
恋尚哥老官重庆美蛙鱼头,"哥老官, 哥老官美蛙鱼头"
Hollys Coffee 豪丽斯咖啡,"豪丽斯, HOLLYS COFFEE, HOLLYSCOFFEE"
蜜蜜制鲜饮,蜜
四季榴莲,四季榴莲
台资味,台资味
傣妹火锅,傣妹火锅
嘉和一品,嘉和一品
茶里茶里,茶里茶里
曼岛私房重庆刘一手火锅,"刘一手火锅, 重庆刘一手火锅"
避风港,避风港
巴里岛咖啡,巴里岛咖啡
亚柏蜜斯甜筒屋,"亚柏蜜斯, yobomix"
西树泡芙,"Chez Choux, 西树泡芙"
暹香泰茶,暹香泰茶
MYcoffee,"MY COFFEE, MYCOFFEE"
乡村基佳华,"乡村基, CSC"
下一站奶茶店,下一站奶茶
一芳台湾水果茶,一芳台湾水果茶
川江号子自助火锅,川江号子
大娘水饺,大娘水饺
辣f老火锅,辣f
两岸咖啡,两岸咖啡
如一坊铜锅涮肉,如一坊
素百味食品,素百味
青初抹茶,青初抹茶
luckin coffee瑞幸咖啡,"瑞幸咖啡, luckin"
川渝部落重庆火锅,川渝部落
布歌东京,"布歌东京, mvuke tokyo, mvuketokyo"
LAVAZZA COFFEE,"拉瓦萨, LAVAZZA"
香芋仙甜品,香芋仙
台资味,台资味
小摘堂茶,小摘堂茶
肯德基,"肯德基, KFC"
BEAN BAR CAFE,"宾达, BEAN BAR, BEANBAR"
红屋牛排,红屋牛排
漫咖啡,"漫咖啡, MAANCOFFEE"
宫悦贡茶,宫悦贡茶
乡水源火锅,乡水源
庆丰包子铺,庆丰包子铺
x造杯,X造杯
兰特伯爵西餐厅,兰特伯爵
COSTACOFFEE,"咖世家, costa"
汤饱宝家菜馆,汤饱宝
五条人糖水铺,五条人糖水铺
Holly Brown,"Holly Brown, HollyBrown"
茶大爷Tea Da Ye,"茶大爷, teadaye"
大家乐,大家乐
糖百府,糖百府
古茗茶饮,古茗
西少爷肉夹馍,西少爷
潘师傅炸鸡腿,潘师傅
珍巴奴毛肚牛肉小火锅,巴奴毛肚
悟茶,悟茶
海岸茶度,海岸茶度
COSTA咖啡,"咖世家, costa"
如创于茶,如创于茶
彤德莱火锅,彤德莱
愉筷,愉筷
熬八年台湾火锅,熬八年
赛百味,"赛百味, SUBWAY"
麦咖啡,"麦咖啡, McCafe"
萃茶师,萃茶师
鸣茶,"鸣茶, MEE TEA, MEETEA"
重庆小天鹅鱼村,重庆小天鹅
牛B奶奶,牛B奶奶
欧米奇咖啡餐厅,"欧米奇, AMICI COFFEE, AMICICOFFEE"
荼啡茶,荼啡茶
师兄芋圆,师兄芋圆
拉瓦萨意浓咖啡,"拉瓦萨, LAVAZZA"
狗不理小笼包,狗不理
台资味,台资味
好羊肉小尾羊,小尾羊
哥老官串串,"哥老官, 哥老官美蛙鱼头"
张阿姨奶茶,张阿姨奶茶
黄记煌三汁焖锅,黄记煌
鸣茶,"鸣茶, MEE TEA, MEETEA"
外婆家的厨房,外婆家
嘉和一品粥,嘉和一品
新辣道梭边鱼,新辣道
老乡鸡,老乡鸡
吉野家,吉野家
觅甜记甜品,觅甜记
榴芒一族,榴芒一族
蓝湾咖啡,蓝湾咖啡
吉野家,吉野家
ESQUIRES COFFEE,"易思凯斯, Esquires"
一陌茶旅,一陌茶旅
榴芒一族,榴芒一族
茶颜悦色,茶颜悦色
蒸浏记,蒸浏记
BBQ,"比比客, bbq"
本位咖啡,"本位咖啡, BASIS COFFEE, BASISCOFFEE"
地下铁,地下铁
一只酸奶牛,一只酸奶牛
遇见奶牛,遇见奶牛
集集小镇,集集小镇
朝茶,朝茶
糖朝会,糖朝会
川江号子重庆火锅,川江号子
蛋挞王子,蛋挞王
鲜茶趣,鲜茶趣
夏日沫沫茶,夏日沫沫茶
TastyHK,"西堤牛排, Tasty"
石二锅,石二锅
酒窝甜品,酒窝甜品
佳客来牛排,"佳客来, JOYCALLER"
珍奶工坊,珍奶工坊
彤德莱火锅,彤德莱
肯德基,"肯德基, KFC"
小南国,小南国
初蜜True me意大利冻酸奶,"初蜜, True me, Trueme"
黑泷太郎,黑泷太郎
inWE因味茶,"因味茶, inWE"
西堤牛排,"西堤牛排, Tasty"
江一湖重庆老火锅,江一湖
辣f穿越文化火锅,辣f
世界茶饮,世界茶饮
集集小镇,集集小镇
漾漾好贡茶,漾漾好贡茶
锅小二火锅快送,锅小二
正新鸡排,正新鸡排
重庆刘一手火锅,"刘一手火锅, 重庆刘一手火锅"
inWE因味茶,"因味茶, inWE"
爵士岛咖啡,爵士岛咖啡
半兽人中华火锅料理店,半兽人
辣府,辣府
SPR coffee,"SPR咖啡, SPR COFFEE, SPRCOFFEE"
汁心鲜果吧,汁心鲜果吧
电台巷火锅,电台巷
初代宇治抹茶,初代宇治抹茶
九龙巴士咖啡奶茶,九龙巴士
茉沏,茉沏
太二酸菜鱼,太二酸菜鱼
哈根达斯,哈根达斯
黑玉奶茶,黑玉奶茶
重庆巴将军火锅,巴将军火锅
答案茶,"答案, ANSWER TEA, ANSWERTEA"
爵士岛咖啡,爵士岛咖啡
蓝樽咖啡,"蓝樽咖啡, Blue bottle, Bluebottle"
萃茶师,萃茶师
茗记甜品店,茗记甜品
鲜果时间,鲜果时间
帕斯库奇・CAFFE PASCUCCI,"帕斯库奇, Pascucc"
胡须张鲁肉饭,胡须张
一点味餐厅,一点味餐厅
糖汇甜品,糖汇甜品
豪客来牛排,"豪客来, houcaller"
x造杯,X造杯
谷子帝五谷煎饼,谷子帝
谭鸭血老火锅,谭鸭血
东方既白,东方既白
壹早壹碗・豆腐脑,壹早壹碗
萨莉亚,"萨莉亚, Saizeriya"
72街,72街
Seesaw Coffee,"西舍咖啡, Seesaw Coffee, SeesawCoffee"
春阳茶事,春阳茶事
nobibi,nobibi
妙茶饮品店,妙茶
老港记鼎茶,老港记
一芳水果茶,一芳水果茶
马兰拉面,"马兰拉面, Malan"
来必堡,来必堡
Y茶,"Y茶, ding tea, dingtea"
七杯茶,七杯茶
雪冰韩国新概念甜品,雪冰
西少爷的肉肉,西少爷
这一锅,这一锅
蒸膳美营养中式快餐,蒸膳美
三不牛腩火锅,三不牛腩
尼珂波咖啡,"尼珂波咖啡, NICBOOY"
Jollibee,"快乐蜂, Jollibee"
红舵码头,红舵码头
嘉和一品,嘉和一品
石二锅,石二锅
这一锅,这一锅
一点味餐厅,一点味餐厅
茶屋语,"茶屋, TRDLO"
阿香婆欢乐火锅,阿香婆
喜茶,"喜茶, HEEKCAA"
青柠记忆泰式海鲜火锅,青柠记忆
马兰拉面,"马兰拉面, Malan"
bbq屋茶餐厅,"比比客, bbq"
黑玉奶茶,黑玉奶茶
辣三疯美蛙鱼头火锅,辣三疯美蛙鱼头
宇治茶铺,宇治茶铺
顺水鱼馆,顺水鱼馆
彤德莱火锅,彤德莱
珍奶工坊,珍奶工坊
永和大王,"永和大王, 台式风味的精致快餐"
屿蓝湾鲜果茶,屿蓝湾鲜果茶
X电台巷小郡肝串串,电台巷
佳客来牛排,"佳客来, JOYCALLER"
阿华大虾香辣虾火锅,阿华大虾
热辣壹号,热辣壹号
外婆家的菜,外婆家
麦当劳甜品站,"麦当劳, ""MCDONALDS"""
顺水鱼馆,顺水鱼馆
舞茶道,舞茶道
8botea8波茶,"8波茶, 8 bo tea, 8botea, 8bo tea"
恋暖初茶,恋暖初茶
黑泷太郎,黑泷太郎
甜品时间,"甜品时间, DessertMemory"
佰人王串串香火锅,佰人王串串香
乌所味,乌所味
德克士,"德克士, Dicos"
斗牛士牛排餐厅,斗牛士牛排
汉堡王炸鸡,"汉堡王, BurgerKing"
辛迪果饮,"辛迪果饮, cider drink, ciderdrink"
港饮之港,港饮之港
淳百味,淳百味
有拈头成都市井火锅,有拈头
面点王,面点王
乌铁茶集,乌铁茶集
张阿姨奶茶,张阿姨奶茶
恋暖初茶,恋暖初茶
蛋仔小茶,蛋仔小茶
爱辣啵啵鱼,爱辣啵啵鱼
华莱士,华莱士
淳百味,淳百味
非茶不可超级绵绵冰,非茶不可
三只耳火锅,三只耳
豪享来牛排,豪享来
老乡鸡,老乡鸡
阿华大虾,阿华大虾
黑泷太郎台湾茶番,黑泷太郎
陶然居主题餐厅,陶然居
猫山王,"猫山王, Musang King, MusangKing"
i转角icorner,"i转角, ICORNER"
来必堡,来必堡
甜品工房,甜品工房
yogiboost,"欧吉斯, Yogiboost"
冰果彩虹,"冰果彩虹, ICEGOBOW"
鱼尚鲜草帽石锅鱼,鱼尚鲜
哈根达斯,哈根达斯
果麦de鲜饮创作,果麦
滋蛋仔玛卡玛卡,"滋蛋仔, MAKA MAKA, MAKAMAKA"
周麻婆,周麻婆
咖咖奥咖啡厅,"咖咖奥, THECAFEKACAO"
茶颜茶语,茶颜茶语
毛家饭店,毛家饭店
冰雪皇后,"冰雪皇后, Dairy Queen, DairyQueen"
VQ鲜榨果汁,VQ鲜榨果汁
麦当劳,"麦当劳, ""MCDONALDS"""
重庆刘一手火锅,"刘一手火锅, 重庆刘一手火锅"
Venchi,venchi
i转角icorner,"i转角, ICORNER"
重庆刘一手火锅,"刘一手火锅, 重庆刘一手火锅"
铁锅门养身香辣馆,铁锅门养身香辣馆
小碗布丁,小碗布丁
庆丰包子铺,庆丰包子铺
熬八年台湾火锅,熬八年
弥茶,弥茶
豪口福大食堂,豪口福
马兰拉面,"马兰拉面, Malan"
香天下火锅,香天下
榴芒一族,榴芒一族
妙茶饮,妙茶
佳客来牛排专家,"佳客来, JOYCALLER"
西少爷肉夹馍,西少爷
鲜元素,鲜元素
马兰拉面,"马兰拉面, Malan"
老娘舅,老娘舅
九龙巴士,九龙巴士
稻香面食店,稻香
阿华大虾,阿华大虾
汉堡王快餐店,"汉堡王, BurgerKing"
鹿谷u茶,鹿谷u茶
杯欢制茶,杯欢制茶
吴小姐炒酸奶,吴小姐炒酸奶
酒窝甜品,酒窝甜品
杜佰瑞,"杜佰瑞, ToBeray, ToBeray"
恋暖初茶,恋暖初茶
蛋挞王子一号店,蛋挞王
轰咖咖喱饭,轰咖咖喱饭
喜缘火锅,喜缘火锅
麝香猫咖啡,"麝香猫, Musk Cat, MuskCat"
西树泡芙,"Chez Choux, 西树泡芙"
炊二哥火锅,炊二哥
贡茶,贡茶
玛丽莲甜品,玛丽莲
悟茶,悟茶
皇冕皇茶,皇冕皇茶
luckin coffee 瑞幸咖啡,"瑞幸咖啡, luckin"
咔咔西茶饮,"咔咔西, kakaxi"
玛格利塔比萨,"玛格利塔, Magritta"
一芳水果茶,一芳水果茶
真功夫蒸菜馆,真功夫
快乐柠檬,"快乐柠檬, Happy lemon, Happylemon"
唯客家,唯客
珍仕,"珍仕, Jazcu"
茶里茶里,茶里茶里
蒙自源米线,蒙自源
麦咖啡,"麦咖啡, McCafe"
谭鸭血老火锅,谭鸭血
海港澳门豆捞,澳门豆捞
捞王锅物料理,捞王
黑泷堂,黑泷堂
嗑茶,嗑茶
大快活,大快活
川江之城（川江号子）经典火锅,川江号子
豪尚豪牛排馆,豪尚豪
尚上捞火锅,尚上捞
甜甜圈咖啡,"甜甜圈, DAYLIGHT DONUTS, DAYLIGHTDONUTS"
不二茶铺,不二茶铺
滋蛋仔,"滋蛋仔, MAKA MAKA, MAKAMAKA"
弥茶,弥茶
喜茶纯天然饮品,"喜茶, HEEKCAA"
VQ鲜榨果汁,VQ鲜榨果汁
咖咖奥文化艺术中心,"咖咖奥, THECAFEKACAO"
TWOSOME途尚咖啡,"途尚咖啡, Twosome"
茉沏,茉沏
塞纳左岸,"塞纳左岸, SanaZoan"
ISHIJAH COFFEE 伊示雅咖啡,"伊示雅, ISHIJAH"
麻辣小屋&旋转小火锅,麻辣小屋
一只酸奶牛,一只酸奶牛
德克士,"德克士, Dicos"
厚呷・台式茶饮制造,"厚呷, HOUJIA"
渝城老妈重庆火锅,渝城老妈
麦咖啡,"麦咖啡, McCafe"
迪巧克咖啡DE CHOCOLATE COFFEE,"迪巧克, DE CHOCOLATE, DECHOCOLATE"
蒸膳美,蒸膳美
淳百味,淳百味
茗记甜品港式旗舰店,茗记甜品
渝巴奴毛肚火锅店,巴奴毛肚
大渝火锅,大渝火锅
叶子与茶,叶子与茶
丽华快餐,丽华快餐
8090鲜萃茶,8090鲜萃茶
金米兰咖啡体验馆,金米兰咖啡
nenlutea,"嫩绿茶, Nenlu Tea, NenluTea"
稻香米线,稻香
如一坊东北菜,如一坊
那都不是锅港式打边炉,那都不是锅
上岛咖啡,上岛咖啡
棒约翰,"棒约翰, PapaJohns"
川渝部落重庆火锅,川渝部落
小南国环太湖宴会中心,小南国
铁锅门养身香辣馆,铁锅门养身香辣馆
老磨坊,老磨坊
佳佳基,佳佳基
探茶,探茶
茉沏,茉沏
澳门豆捞,澳门豆捞
Pacific Coffee Company,Pacific Coffee
下雪的村庄,下雪的村庄
榴莲西施,榴莲西施
街头茶客,街头茶客
VQ鲜榨果汁,VQ鲜榨果汁
伊示雅咖啡・简餐・汤面,"伊示雅, ISHIJAH"
麦当劳,"麦当劳, ""MCDONALDS"""
满记甜品,满记甜品
小蒙牛火锅,小蒙牛
萃茶师,萃茶师
佳佳基,佳佳基
茶着,茶着
阿官火锅专家,阿官火锅专家
悟茶,悟茶
COSTA COFFEE,"咖世家, costa"
和合谷,和合谷
黑龙茶,黑龙茶
Hi涮健康煮,健康煮
真功夫天津包子,真功夫
奶熊奶茶,奶熊奶茶
吉野家,吉野家
世界茶饮,世界茶饮
乌煎道黑龙茶,乌煎道黑龙茶
果麦的鲜饮创作饮铺,果麦
丹堤咖啡,丹堤咖啡
蛙小侠,蛙小侠
骑士老虎茶丶黑糖,骑士老虎茶
重庆孔亮火锅,孔亮火锅
青沫茶颜,青沫茶颜
上岛咖啡,上岛咖啡
Seesaw Coffee,"西舍咖啡, Seesaw Coffee, SeesawCoffee"
宫悦贡茶,宫悦贡茶
leonidas,"利奥尼达斯, LEONIDAS"
潘师傅,潘师傅
港芝悦港式奶茶,港芝悦
My Coffee迈咖啡,"MY COFFEE, MYCOFFEE"
小肥羊火锅,小肥羊
斯利美,斯利美
重庆小天鹅火锅食府,重庆小天鹅
孙记捞王猪肚煲鸡,捞王
雀圣冰室,雀圣冰室
正新鸡排,正新鸡排
黔乡牧人总店,黔乡牧人
豪享来,豪享来
大家乐快餐,大家乐
awon阿旺茶,"阿旺茶, AWON"
百味记小郡肝罐罐串串火锅,百味记小郡肝
嗲茶,嗲茶
toberay杜佰瑞,"杜佰瑞, ToBeray, ToBeray"
阿华大虾,阿华大虾
西树泡芙,"Chez Choux, 西树泡芙"
有拈头成都市井火锅,有拈头
欧包与茶,欧包与茶
o2小氧现榨果汁,o2小氧
图兰朵,"图兰朵, Turandot"
果麦no.699,果麦
恩茶EnCha,"恩茶, ENCHA"
满记甜品,满记甜品
喜年贡茶,喜年贡茶
摸错门牛肚王,摸错门牛肚王
COSTA COFFEE,"咖世家, costa"
寻芋记,寻芋记
有拈头成都市井火锅,有拈头
许留山港式甜品,许留山
闲趣比格牛排杯,"比格, Big Pizza, BigPizza"
Pierre Marcolini,"Pierre Marcolini, PierreMarcolini"
站亭,"站亭, Donut stop, Donutstop"
黄记煌三汁焖锅,黄记煌
集集小镇,集集小镇
蒂米雪,"蒂米雪, DIMIXUE"
宏状元餐桌,宏状元
重庆小天鹅火锅,重庆小天鹅
古茗,古茗
奶熊奶茶,奶熊奶茶
50岚鲜茶专卖,50岚鲜茶
松竹梅特色大盘鸡,松竹
连咖啡CoffeeBox,"连咖啡, Coffee Box, CoffeeBox"
豪尚豪牛排,豪尚豪
亲爱的郭 健康小火锅,亲爱的郭
百世德咖啡,百世德咖啡
icedemon,"冰雪怪, ICE DEMON, ICEDEMON"
汕头八合里海记牛肉店,八合里海记
答案茶,"答案, ANSWER TEA, ANSWERTEA"
东来顺传统炭火锅,东来顺
集集小镇,集集小镇
豪口福面馆,豪口福
猫屎咖啡,猫屎咖啡
趣捞全球料理小火锅,趣捞
candy master糖果大师,"糖果大师, Candy Master, CandyMaster"
大龙D火锅,大龙D
甜品工房,甜品工房
伊示雅咖啡・简餐,"伊示雅, ISHIJAH"
一品三笑水饺,一品三笑
西少爷肉夹馍,西少爷
名味食快餐店,名味食
大队长主题火锅,大队长主题火锅
乡村基,"乡村基, CSC"
meetea觅茶,"鸣茶, MEE TEA, MEETEA"
TWOSOME途尚咖啡,"途尚咖啡, Twosome"
来必堡土菜馆,来必堡
上岛咖啡,上岛咖啡
唯客多卤面,唯客
麦地初茶,麦地初茶
PORTTEA,"葡茶, Port Tea, PortTea"
新辣道烤鱼,新辣道
珍仕鲜榨果汁JAZCU,"珍仕, Jazcu"
茶狼甜品店,茶狼
豪享来,豪享来
INCHA 印茶,"印茶, INCHA"
谭鸭血老火锅,谭鸭血
彤德莱火锅,彤德莱
仙芋传奇,仙芋传奇
SPR咖啡,"SPR咖啡, SPR COFFEE, SPRCOFFEE"
芋贵人甜品店,芋贵人
茶丸家彩虹弹珠奶茶,茶丸
湘田源,左庭右院
Seesaw Coffee,"西舍咖啡, Seesaw Coffee, SeesawCoffee"
可可树甜品,可可树
许府牛,许府牛
阿华大虾,阿华大虾
东方宫中国兰州牛肉拉面,东方宫
MYCOFFEE 木鱼咖啡,"MY COFFEE, MYCOFFEE"
MELLower coffee roasting,"麦隆咖啡, MELLOWER"
茉沏,茉沏
豪客来牛排,"豪客来, houcaller"
小南国,小南国
吉野家,吉野家
salud llaollao,Salud
玛格利塔,"玛格利塔, Magritta"
屿蓝湾鲜果茶,屿蓝湾鲜果茶
1点点,"1点点, 1cc"
大家乐,大家乐
师兄芋圆,师兄芋圆
蒸浏记,蒸浏记
辣f重庆老火锅,辣f
齐民市集,齐民市集
不二锅,不二锅
悟茶,悟茶
周麻婆,周麻婆
途尚咖啡,"途尚咖啡, Twosome"
味蜀吾沸腾三国,味蜀吾
味蜀吾老火锅,味蜀吾
巴奴毛肚火锅,巴奴毛肚
不二茶铺,不二茶铺
探茶贡茶,探茶
LAVAZZA咖啡 1895,"拉瓦萨, LAVAZZA"
微咖啡馆,"微咖啡, MicroCoffee"
重庆喜缘火锅,喜缘火锅
咖啡之翼自动售卖机,咖啡之翼
茶托邦,茶托邦
海底捞土灶火锅,海底捞
榴莲一品,榴莲一品
波比艾斯,波比艾斯
潘记粥铺,潘记粥铺
大快活,大快活
爱咪欧,"爱咪欧, Ei mio, Eimio"
LAVAZZA,"拉瓦萨, LAVAZZA"
重庆老火锅,重庆老火锅
许留山,许留山
赛百味,"赛百味, SUBWAY"
华必和,华必和
小南国卤味牛肉特色鹅掌,小南国
麻辣小屋主题餐厅,麻辣小屋
快乐柠檬,"快乐柠檬, Happy lemon, Happylemon"
谷子帝五谷煎饼,谷子帝
Fuel Espresso,"Fuel Espresso, FuelEspresso"
8090鲜萃茶,8090鲜萃茶
聪少甜品,聪少甜品
石二锅,石二锅
小南国正宗芒市撒撇,小南国
和合谷,和合谷
东池便当,东池便当
猫山王榴莲甜品,"猫山王, Musang King, MusangKing"
壹早壹碗,壹早壹碗
COFFEEMAILOUNGEBAR,"珈啡麦, Coffeemai"
DiosaChocolate,"蒂奥莎, DIOSA"
玺芝王茶,玺芝王茶
鲜果时间,鲜果时间
小龙坎老火锅,小龙坎老火锅
功夫小子●咖餐,功夫小子
避风港,避风港
HEY JUICE茶桔便,"茶桔便, Hey Juice, HeyJuice"
啦滋多拿滋,"啦滋多拿滋, Lozzi"
陶然居,陶然居
小龙坎老火锅 中央公园店,小龙坎老火锅
厚呷,"厚呷, HOUJIA"
Yummy烘焙,"雅蜜优格, yummy"
东方宫中国兰州牛肉拉面,东方宫
塞纳左岸咖啡厅,"塞纳左岸, SsanaZoan"
雅山饭店,"雅山, gazan"
古茗芝英店,古茗
北家姓转转小火锅・清真,北家姓
行运打边炉,行运打边炉
好伦哥,"好伦哥, Origus"
胡子茶,"胡子茶, WHO’S TEA, WHO’STEA"
轰咖咖喱饭,轰咖咖喱饭
皇城老妈灌汤包,皇城老妈
弥茶,弥茶
雨花西餐厅,雨花西餐厅
星期五烧烤,"星期五, FRIDAYS"
彤德莱火锅,彤德莱
那都不是锅港式打边炉,那都不是锅
楼上火锅店,楼上火锅
九鼎轩脆毛肚火锅,九鼎轩
老乡鸡,老乡鸡
逸美时光休闲咖啡馆,逸美时光
喜年贡茶,喜年贡茶
青柠记忆泰式海鲜火锅,青柠记忆
禄鼎记,禄鼎记
千味涮,千味涮
猫山王榴莲甜品蛋糕MusangKing,"猫山王, Musang King, MusangKing"
辛发亭,辛发亭
华必和,华必和
动物园咖啡,"动物园咖啡, zoo coffee, zoocoffee"
古茗,古茗
意浓咖啡,意浓咖啡
腩潮鲜牛腩火锅,腩潮鲜
唯客多餐馆,唯客
鱼一哥,鱼一哥
宏状元,宏状元
东池便当,东池便当
必来客餐厅,"必来客, BELIKE"
1cc,"1点点, 1cc"
豪享来牛排,豪享来
8波茶8botea,"8波茶, 8 bo tea, 8botea, 8bo tea"
真悦皇茶,真悦皇茶
西堤岛咖啡,西堤岛咖啡
乌所味,乌所味
西树泡芙,"Chez Choux, 西树泡芙"
逸美时光 email coffee,逸美时光
小龙坎老火锅,小龙坎老火锅
柠檬王子,柠檬王子
Bears&Friends,"Bears & Friends, Bears&Friends"
Port Tea葡茶,"葡茶, Port Tea, PortTea"
grandpa茶,"爷茶, GRANDPA"
麻辣小屋自助火锅烤肉,麻辣小屋
C多多,c多多
芋观园,芋观园
哆可,哆可
吉野家,吉野家
川府老妈,川府老妈
树心旁千层蛋糕,树心旁
巧芋工坊,巧芋工坊
pacific coffee,Pacific Coffee
朝茶,朝茶
布维记茶饮,布维记
满记甜品,满记甜品
Cider Drink鲜榨果汁,"辛迪果饮, cider drink, ciderdrink"
麦咖啡,"麦咖啡, McCafe"
巴山味庄李记串串,巴山味庄
辣府纸包鸡,辣府
汕头八合里海记牛肉,八合里海记
茶咖道,茶咖道
庆丰包子铺,庆丰包子铺
老乡鸡,老乡鸡
鲜果优,"鲜果优, Fresh MIX, FreshMIX"
Pierre Marcolini Brussels,"Pierre Marcolini, PierreMarcolini"
我呀便当,我呀便当
正新鸡排,正新鸡排
热辣壹号,热辣壹号
轰咖咖喱饭,轰咖咖喱饭
蛋挞王饼店,蛋挞王
黄记煌三汁焖锅,黄记煌
蒸膳美,蒸膳美
宇治茶铺,宇治茶铺
川渝部落重庆老火锅,川渝部落
四海游龙,四海游龙
和茶仓,和茶仓
聪少甜品,聪少甜品
麦隆咖啡,"麦隆咖啡, MELLOWER"
MangoSix,"MANGO SIX, MANGOSIX"
蒸功夫中式小吃,蒸功夫
小蒙牛顶级麻辣养生锅,小蒙牛
真悦皇茶,真悦皇茶
牛很鲜潮汕牛肉火锅店,牛很鲜
暹香泰茶,暹香泰茶
台资味台式便当,台资味
LITTLE BEAN,"LITTLE BEAN, LITTLEBEAN"
TheOne 法式烘培,"炭茶, THEONE"
甜猫甜品店,甜猫甜品
呷哺呷哺,呷哺呷哺
石二锅,石二锅
因味茶饮,"因味茶, inWE"
重庆小天鹅,重庆小天鹅
奶熊奶茶,奶熊奶茶
如创于茶,如创于茶
巴四老城区炭火蛙锅,巴四老城区炭火蛙锅
宇治抹茶,宇治抹茶
豪享来牛排,豪享来
黄记煌三汁焖锅,黄记煌
本宫的茶,本宫的茶
Musangking榴莲蛋糕甜品,"猫山王, Musang King, MusangKing"
Zoo Coffee,"动物园咖啡, zoo coffee, zoocoffee"
茶百道,茶百道
外婆家过桥米线,外婆家
川渝部落重庆老火锅,川渝部落
高山小尾羊,小尾羊
cider drink 辛迪果饮,"辛迪果饮, cider drink, ciderdrink"
帝娜朵拉意大利手工冰淇淋咖啡,帝娜朵拉
茉沏,茉沏
茗记甜品,茗记甜品
老爷锅,老爷锅
蛙小侠,蛙小侠
twosome coffee,"途尚咖啡, Twosome"
蒸功夫,蒸功夫
茶米小子,"茶米, CHAME"
Cider Drink 鲜榨果汁,"辛迪果饮, cider drink, ciderdrink"
庆丰包子铺,庆丰包子铺
川渝部落重庆老火锅,川渝部落
糖百府,糖百府
time2tea,time2tea
佰人王串串香火锅,佰人王串串香
淘汰郎小火锅外卖,淘汰郎
研磨时光,研磨时光
小尾羊,小尾羊
巧芋工坊,巧芋工坊
陈记顺和潮汕牛肉火锅,陈记顺和潮汕牛肉
尚上捞老火锅,尚上捞
twosome+coffee,"途尚咖啡, Twosome"
壹q鲜食茶,壹Q鲜食茶
Dairy Queen,"冰雪皇后, Dairy Queen, DairyQueen"
奶茶博士,奶茶博士
下一站奶茶文化专门店,下一站奶茶
MINIMELTS,Minimelts
华莱士炸鸡汉堡,华莱士
布歌东京Mvuke Tokyo,"布歌东京, mvuke tokyo, mvuketokyo"
九鼎轩脆毛肚,九鼎轩
50岚鲜茶连锁,50岚鲜茶
阿牛与仙草,阿牛与仙草
和茶仓鲜茶,和茶仓
猫山王,"猫山王, Musang King, MusangKing"
x造杯,X造杯
和合谷,和合谷
觅甜记甜品,觅甜记
地下铁,地下铁
虾吃虾涮,虾吃虾涮
茶大爷,"茶大爷, teadaye"
古茗,古茗
缤果鲜茶,缤果鲜茶
锅小二锅仔米饭,锅小二
小蒙牛顶级麻辣养生锅,小蒙牛
yummy雅米面包坊,"雅蜜优格, yummy"
大娘水饺师大,大娘水饺
和合谷,和合谷
恋暖初茶,恋暖初茶
仙芋传奇,仙芋传奇
唯咖啡,"唯咖啡, VOX"
唐恩都乐,"唐恩都乐, dunkin donuts, dunkindonuts"
铁锅门养身香辣馆,铁锅门养身香辣馆
索菲克牛排,"索菲克, Sofeco"
记忆年代老火锅,"记忆年代老火锅, 记忆.年代老火锅"
优多c茶饮,优多C
丽华快餐,丽华快餐
真功夫包子铺,真功夫
雅岛英皇茶,雅岛英皇茶
老行家海鲜餐馆,行家海鲜
电台巷火锅,电台巷
有拈头成都市井火锅,有拈头
狗不理饺子,狗不理
二人锅,二人锅
X造杯,X造杯
千味涮,千味涮
蒸功夫东北水饺,蒸功夫
凉先绅Coolhitto,凉先绅
媚娘の茶・不负午茶时光,媚娘の茶
老爷锅,老爷锅
老港记甜品,老港记
呷哺呷哺,呷哺呷哺
傣妹火锅,傣妹火锅
LADY7 CAFE,Lady7
鱼豆吉・豆浆鱼火锅,鱼豆吉
腩潮鲜牛腩老火锅,腩潮鲜
腩潮鲜火锅店,腩潮鲜
蜀大侠,蜀大侠
赛百味,"赛百味, SUBWAY"
坎爷秘制火锅,坎爷秘制
茉沏,茉沏
渝巴奴毛肚火锅,巴奴毛肚
重庆孔亮火锅,孔亮火锅
如一坊澳门火锅,如一坊
蜜&蜜制鲜饮,蜜
巴四老城区炭火蛙锅,巴四老城区炭火蛙锅
黔乡牧人,黔乡牧人
重庆孔亮火锅,孔亮火锅
虾吃虾涮,虾吃虾涮
华必和,华必和
骑士老虎茶.黑糖,骑士老虎茶
食通天美食广场,食通天美食广场
椒麻鸡 藤椒鱼米饭,椒麻鸡
谷子帝,谷子帝
珍奶工坊,珍奶工坊
哆可台湾牛乳茶,哆可
舞茶道,舞茶道
必胜客中式快餐连锁,必胜客
有家酸菜鱼&米饭,有家酸菜鱼
茶颜悦色,茶颜悦色
丹堤咖啡,丹堤咖啡
水天堂西餐厅,水天堂
怡情洋房火锅,洋房火锅
MAANCOFFEE,"漫咖啡, MAANCOFFEE"
TheONE炭茶,"炭茶, THEONE"
蓝山咖啡,蓝山咖啡
帕斯库奇咖啡店,"帕斯库奇, Pascucc"
T.G.I.Fridays 星期五美式餐厅,"星期五, FRIDAYS"
first kiss甜品,"FIRST KISS, FIRSTKISS"
舞茶道,舞茶道
豪客来牛排,"豪客来, houcaller"
豪客来牛排,"豪客来, houcaller"
重庆秦妈火锅,秦妈火锅
四川香天下火锅,香天下
鹿谷u茶,鹿谷u茶
Micat薄荷猫美式冻酸奶,"薄荷猫, Micat"
玛格利塔,"玛格利塔, Magritta"
西树泡芙,"Chez Choux, 西树泡芙"
站亭,"站亭, Donut stop, Donutstop"
贡茶,贡茶
坎爷秘制火锅,坎爷秘制
许府牛牛肉火锅,许府牛
重庆巴将军火锅,巴将军火锅
玛格利塔披萨,"玛格利塔, Magritta"
重庆刘一手火锅,"刘一手火锅, 重庆刘一手火锅"
潘师傅,潘师傅
甜甜圈面包店,"甜甜圈, DAYLIGHT DONUTS, DAYLIGHTDONUTS"
i转角ICORNER,"i转角, ICORNER"
比比客中式快餐,"比比客, bbq"
比格比萨,"比格, Big Pizza, BigPizza"
Kubrick咖啡书店,"库布里克, kubrick"
帕斯库奇,"帕斯库奇, Pascucc"
茶米茶,"茶米, CHAME"
Seesaw Coffee,"西舍咖啡, Seesaw Coffee, SeesawCoffee"
AWON阿旺茶,"阿旺茶, AWON"
豪尚豪牛排,豪尚豪
杏记甜品,杏记甜品
曲塘大渝火锅,大渝火锅
Krispy Kreme Doughnuts,"卡卡圈坊, Krispy Kreme, KrispyKreme"
庆丰包子铺,庆丰包子铺
茶大爷,"茶大爷, teadaye"
室町品茶,室町品茶
麦咖啡,"麦咖啡, McCafe"
维果部落天使之橙,"维果部落, vingco"
COCO LEMON,"都可, COCO, 都可茶饮"
觅甜记甜品,觅甜记
水玉丸作,水玉丸作
恋尚哥老官重庆美蛙鱼头,"哥老官, 哥老官美蛙鱼头"
必胜客宅急送,必胜客
柠檬王子,柠檬王子
珍仕鲜榨果汁JAZCU,"珍仕, Jazcu"
鹿野茶事,鹿野茶事
真功夫牛肉面馆,真功夫
Jollibee,"快乐蜂, Jollibee"
阿水大杯茶,阿水大杯茶
弥茶,弥茶
嘉和一品面,嘉和一品
蓝山咖啡馆,蓝山咖啡
茶大爷,"茶大爷, teadaye"
安乃迪尔咖啡,"安乃迪尔, ONadore"
佳佳基中西・休闲餐厅,佳佳基
一芳台湾水果茶,一芳台湾水果茶
宏油庄,宏油庄
青初抹茶,青初抹茶
葡茶POTEA,"葡茶, Port Tea, PortTea"
La Kaffa,"六角咖啡, La Kaffa, LaKaffa"
妙茶鲜鲜,妙茶
陈佬鸽养生乳鸽馆,陈佬鸽
麦咖啡,"麦咖啡, McCafe"
Fressh＆Tasty轻食沙拉,"西堤牛排, Tasty"
丽华快餐,丽华快餐
凉先绅台湾奶茶,凉先绅
老娘舅,老娘舅
大队长主题火锅,大队长主题火锅
冰雪皇后,"冰雪皇后, Dairy Queen, DairyQueen"
芒可甜品店,芒可
西树泡芙,"Chez Choux, 西树泡芙"
和茶仓,和茶仓
ZOOCOFFEE,"动物园咖啡, zoo coffee, zoocoffee"
segafredo世家兰铎,Segafredo
芒不颠甜品,"芒不颠, crazymango"
星角榴莲冰锅创造者,"星角, Mango star, Mangostar"
野生顺水鱼馆,顺水鱼馆
Morozoff,morozoff
香芋仙,香芋仙
大渝火锅,大渝火锅
鹿野茶事,鹿野茶事
满记甜品,满记甜品
茶百道,茶百道
稻香米线,稻香
小南国酒楼,小南国
维果部落天使之橙,"维果部落, vingco"
TWOSOME途尚咖啡,"途尚咖啡, Twosome"
知乎茶也,知乎茶也
麦当劳,"麦当劳, ""MCDONALDS"""
华莱士炸鸡汉堡,华莱士
漫猫咖啡,漫猫咖啡
freshmix鲜果优,"鲜果优, Fresh MIX, FreshMIX"
亚惠美食,亚惠美食
鲜煮艺小火锅,鲜煮艺小火锅
悟茶,悟茶
斯利美 C’stea,斯利美
千味涮火锅,千味涮
Musangking榴莲蛋糕甜品,"猫山王, Musang King, MusangKing"
坎爷秘制火锅,坎爷秘制
财富公馆菜,富公馆
石二锅,石二锅
Venchi,venchi
川味观・毛肚火锅,川味观
千味涮,千味涮
Hollys Coffee,"豪丽斯, HOLLYS COFFEE, HOLLYSCOFFEE"
蒂米雪意式甜品,"蒂米雪, DIMIXUE"
百味记小郡肝砂罐火锅串串,百味记小郡肝
图兰朵音乐咖啡,"图兰朵, Turandot"
Double Win Cafe,"Double Win Cafe, DoubleWinCafe"
MOVO冰激凌,"摩威冰淇淋, movo"
蛋挞王,蛋挞王
c多多,c多多
西树泡芙,"Chez Choux, 西树泡芙"
七杯茶奶茶店,七杯茶
spr咖啡,"SPR咖啡, SPR COFFEE, SPRCOFFEE"
重庆小天鹅火锅,重庆小天鹅
功夫小子麻辣香锅,功夫小子
Y茶,"Y茶, ding tea, dingtea"
Waffle Bant 华夫班特,"华夫班特, waffle bant, wafflebant"
来必堡,来必堡
豪享来牛排,豪享来
呷哺呷哺,呷哺呷哺
汕头八合里海记牛肉馆,八合里海记
茶风暴,茶风暴
傲椒火辣串串火锅,傲椒火辣串串
鱼尚鲜草帽石锅鱼,鱼尚鲜
咖啡之翼现磨咖啡,咖啡之翼
快乐柠檬,"快乐柠檬, Happy lemon, Happylemon"
freshmix,"鲜果优, Fresh MIX, FreshMIX"
芝士客皇茶,芝士客皇茶
巴奴干锅,巴奴
佳客来,"佳客来, JOYCALLER"
Theone,"炭茶, THEONE"
东来顺,东来顺
贵族世家牛排,贵族世家牛排
郑州市巴奴毛肚火锅,巴奴毛肚
Yummycake私房烘焙坊,"雅蜜优格, yummy"
师兄芋圆,师兄芋圆
蒂米雪,"蒂米雪, DIMIXUE"
香芒山,香芒山
黑泷堂,黑泷堂
逸美时光咖啡Email coffee,逸美时光
帝佰利甜品,"帝佰利, cafe de Paris, cafedeParis"
星期五烤盘,"星期五, FRIDAYS"
图兰朵咖啡,"图兰朵, Turandot"
亚惠美食广场,亚惠美食
乌所味,乌所味
西树泡芙,"Chez Choux, 西树泡芙"
巧芋工坊,巧芋工坊
八合里海记牛肉火锅,八合里海记
嘉和一品,嘉和一品
素匠泰茶,素匠泰茶
渝城老妈老火锅,渝城老妈
不二锅时尚外卖火锅,不二锅
重庆乡水源老火锅,乡水源
柠檬王子,柠檬王子
甜甜圈烘焙工坊,"甜甜圈, DAYLIGHT DONUTS, DAYLIGHTDONUTS"
澳门豆捞,澳门豆捞
华必和,华必和
印茶,"印茶, INCHA"
蓝湾咖啡,蓝湾咖啡
仙芋世家,仙芋世家
小尾羊,小尾羊
吉祥馄饨面德百店,吉祥馄饨
找茶趣,"找茶, I tea, Itea"
Godiva,"歌帝梵, Godiva"
味千拉面,"味千拉面, 较大的休闲餐厅连锁经营商"
Dairy Fairy,"dairy fairy, dairyfairy"
INCHA 印茶,"印茶, INCHA"
载沅家韩国炒酸奶,载沅家
茶米恰恰,"茶米, CHAME"
佳客来牛排自助西餐厅,"佳客来, JOYCALLER"
哆可牛乳茶,哆可
哆可奶茶,哆可
牛B奶奶台北时尚饮品,牛B奶奶
唯客多美式牛排饭・鸡排饭,唯客
仙芋世家,仙芋世家
小南国饭店,小南国
杏记甜品,杏记甜品
查理布朗网络会所,查理布朗
许府牛,许府牛
黑泷太郎,黑泷太郎
二人锅,二人锅
x造杯,X造杯
斯利美（Seven Ice）,斯利美
大娘水饺,大娘水饺
问茶书房,问茶
豪爽来中西餐厅,豪爽来
本位咖啡,"本位咖啡, BASIS COFFEE, BASISCOFFEE"
巴里岛咖啡西餐,巴里岛咖啡
茶玛谷,"茶玛, TEAMACC"
小蒙牛全牛火锅,小蒙牛
雅山牛满碗,"雅山, gazan"
鲜果港果汁奶茶,鲜果港
塞纳左岸,"塞纳左岸, SsanaZoan"
真功夫,真功夫
顺水鱼馆?庖丁家,顺水鱼馆
小龙坎老火锅,小龙坎老火锅
上岛咖啡,上岛咖啡
Missmilk酸奶吧,"MissMilk酸奶家族, MissMilk"
涞源县楼上火锅城,楼上火锅
枫多士,枫多士
蒸浏记・浏阳蒸菜,蒸浏记
illy咖啡,illy咖啡
麦地初茶,麦地初茶
糖半甜生日蛋糕,糖半甜
地下铁,地下铁
淘汰郎小火锅,淘汰郎
茶米恰恰,"茶米, CHAME"
冰雪皇后,"冰雪皇后, Dairy Queen, DairyQueen"
口渴了饮品,口渴了
东来顺酒店,东来顺
奶熊奶茶Milk Bear,奶熊奶茶
COSTA COFFEE,"咖世家, costa"
瑞幸咖啡,"瑞幸咖啡, luckin"
本宫的茶,本宫的茶
巴贝拉意式休闲餐厅,"巴贝拉, Babela"
有拈头成都市井火锅,有拈头
永和大王,"永和大王, 台式风味的精致快餐"
哥老官美蛙鱼头,"哥老官, 哥老官美蛙鱼头"
大虎老火锅,大虎老火锅
陈佬鸽滋补馆,陈佬鸽
李先生的饭,"李先生, Mrlee"
蒙自源小锅米线,蒙自源
川味观,川味观
COSTA COFFEE,"咖世家, costa"
趣捞小火锅,趣捞
麦当劳,"麦当劳, ""MCDONALDS"""
MAANCOFFEE,"漫咖啡, MAANCOFFEE"
春阳茶事,春阳茶事
谭鸭血老火锅,谭鸭血
渝城老妈火锅,渝城老妈
米多面多,"米多面多, MIDOU"
四川香天下火锅,香天下
蒂奥莎手工巧克力,"蒂奥莎, DIOSA"
四川香天下火锅,香天下
大龙D火锅,大龙D
喜虾客,喜虾客
茶公子与茶女仕,茶公子与茶女仕
美滋美味,美滋美
Diosa,"蒂奥莎, DIOSA"
古茗,古茗
真悦皇茶,真悦皇茶
咖啡之翼自助贩卖机,咖啡之翼
肯德基,"肯德基, KFC"
茶颜悦色,茶颜悦色
芋多美,芋多美
萃茶师,萃茶师
吴小姐炒酸奶,吴小姐炒酸奶
茶之道,茶之道
川渝部落重庆老火锅,川渝部落
AWON阿旺茶,"阿旺茶, AWON"
米集盒酱香大骨饭,米集盒
华莱士炸鸡汉堡,华莱士
麻辣小屋艺术火锅,麻辣小屋
鱼尚鲜草帽石锅鱼,鱼尚鲜
芋观园,芋观园
漾漾好贡茶,漾漾好贡茶
多喜爱,多喜爱
雅山药香粽,"雅山, gazan"
屿蓝湾鲜果茶,屿蓝湾鲜果茶
德克士,"德克士, Dicos"
肯德基,"肯德基, KFC"
Kiwiyo,"可味优, Kiwiyo"
尼珂波咖啡站,"尼珂波咖啡, NICBOOY"
甜贵人,甜贵人
冰雪怪,"冰雪怪, ICE DEMON, ICEDEMON"
港芝悦,港芝悦
阿香婆土菜馆,阿香婆
水玉丸作,水玉丸作
漫咖啡 MAAN COFFEE,"漫咖啡, MAANCOFFEE"
重庆巴乡鱼头火锅,巴乡鱼头
川味观,川味观
INCHA印茶,"印茶, INCHA"
和合谷,和合谷
ICE DEMON,"冰雪怪, ICE DEMON, ICEDEMON"
麦隆咖啡mellowercoffee,"麦隆咖啡, MELLOWER"
mango six,"MANGO SIX, MANGOSIX"
泰迪咖啡,"泰迪咖啡, Teddy"
茶颜茶语,茶颜茶语
小肥羊,小肥羊
研磨时光咖啡店,研磨时光
正新鸡排,正新鸡排
荼啡茶,荼啡茶
百年老妈火锅,百年老妈
帕斯库奇咖啡CAFFEPASCUCCI,"帕斯库奇, Pascucc"
1点点,"1点点, 1cc"
黄记煌三汁焖锅,黄记煌
西树泡芙,"Chez Choux, 西树泡芙"
麦咖啡,"麦咖啡, McCafe"
MOINEAU,Moineau
巴奴毛肚火锅,巴奴毛肚
LELECHA SS茶,"乐乐茶, LELECHA, LE LE CHA"
锅小二土菜馆,锅小二
8090鲜萃茶,8090鲜萃茶
渝城老妈火锅店,渝城老妈
斗牛士牛排餐厅,斗牛士牛排
毋米粥屋,毋米粥
陈佬鸽,陈佬鸽
爱辣啵啵鱼,爱辣啵啵鱼
Port Tea葡茶,"葡茶, Port Tea, PortTea"
阿水大杯茶,阿水大杯茶
大快活,大快活
TEAMACC 茶玛,"茶玛, TEAMACC"
庆丰包子铺,庆丰包子铺
Dairy Fairy,"dairy fairy, dairyfairy"
罗帝可可鲜饮小站,"罗帝可可, RODICOCO"
C多多时尚饮品,c多多
食通天美食广场,食通天美食广场
i转角icorner,"i转角, ICORNER"
宏状元粥屋,宏状元
正新鸡排,正新鸡排
爷茶茶饮,"爷茶, GRANDPA"
柠檬工坊,柠檬工坊
皇冕皇茶royaltea,皇冕皇茶
大虎老火锅,大虎老火锅
INCHA印茶,"印茶, INCHA"
水天堂西餐厅,水天堂
麻里麻里香锅,麻里麻里香锅
漾漾好贡茶,漾漾好贡茶
巴奴火锅,巴奴
X造杯咖啡茶饮,X造杯
新辣道火锅鱼,新辣道
Seesaw Coffee,"西舍咖啡, Seesaw Coffee, SeesawCoffee"
美滋美德江店,美滋美
茶颜茶语,茶颜茶语
蜜茶语,蜜
甜贵人港式甜品,甜贵人
食之秘,"食之秘, Secret Recipe, SecretRecipe"
阿水大杯茶,阿水大杯茶
齐辣,齐辣
东池便当,东池便当
水天堂西餐厅,水天堂
相思蜜哒,相思蜜哒
东方宫・中国兰州牛肉拉面,东方宫
树心旁芝士小栈,树心旁
杏记甜品,杏记甜品
谭英雄火锅串串,谭英雄火锅
桂烹大师猪肚鸡,烹大师
虾吃虾涮,虾吃虾涮
许府牛火锅・祖传牛骨头汤,许府牛
麦咖啡,"麦咖啡, McCafe"
果麦de鲜饮创作,果麦
满记甜品,满记甜品
大渝火锅,大渝火锅
一芳台湾水果茶,一芳台湾水果茶
花雨茶室,花雨茶
四季文昌,四季文昌
茶玛谷,"茶玛, TEAMACC"
喜年贡茶,喜年贡茶
麦隆咖啡,"麦隆咖啡, MELLOWER"
阿水大杯茶,阿水大杯茶
港饮之港,港饮之港
茶桔便,"茶桔便, Hey Juice, HeyJuice"
阿水大杯茶,阿水大杯茶
树心旁,树心旁
半兽人旋转养生小火锅,半兽人
三只耳火锅,三只耳
小尾羊涮肉家常菜,小尾羊
香辣府,辣府
谭鸭血火锅,谭鸭血
玛丽莲甜品,玛丽莲
茶米恰恰恰,"茶米, CHAME"
黔乡牧人,黔乡牧人
小蒙牛顶级麻辣蒙古火锅,小蒙牛
玛丽莲甜品,玛丽莲
悟茶,悟茶
找茶【鲜果花茶】,"找茶, I tea, Itea"
麦咖啡,"麦咖啡, McCafe"
糖皇甜品,糖皇甜品
御厨传奇自助涮烤火锅,御厨传奇
舞茶道,舞茶道
一点味餐厅,一点味餐厅
YOGEN FRUZ,"优芙丝, YOGEN FRUZ, YOGENFRUZ"
芋观园,芋观园
鹿谷u茶,鹿谷u茶
比格里・苏披萨店,"比格, Big Pizza, BigPizza"
三不牛腩,三不牛腩
西堤牛排,"西堤牛排, Tasty"
松竹林菌汤火锅,松竹
必胜客餐厅,必胜客
满哥甜品,满哥甜品
布维记,布维记
华莱士炸鸡汉堡,华莱士
树心旁千层蛋糕,树心旁
坎爷秘制火锅,坎爷秘制
豪享来牛排,豪享来
布歌东京MvukeTokyo,"布歌东京, mvuke tokyo, mvuketokyo"
周麻婆,周麻婆
乡村基,"乡村基, CSC"
奉茶,"奉茶, FANG CHA, FANGCHA"
奶茶工坊,奶茶工坊
王品台塑牛排,王品台塑牛排
优多c,优多C
巧滋巧味甜甜圈,巧滋巧味
斯利美,斯利美
滇草香云南原生态汤火锅,滇草香
COMEBUY甘杯,"甘杯, COMEBUY"
和合谷,和合谷
鱼一哥红川椒鱼庄,鱼一哥
茶玛,"茶玛, TEAMACC"
布歌东京,"布歌东京, mvuke tokyo, mvuketokyo"
宇治茶铺,宇治茶铺
EI MIO冻酸奶店,"爱咪欧, Ei mio, Eimio"
cititee吸吉茶,"吸吉茶, CITITEA, CITITEE"
宫悦贡茶,宫悦贡茶
米多面多,"米多面多, MIDOU"
张凑凑自助小火锅,凑凑
仙芋传奇,仙芋传奇
辛发亭,辛发亭
图兰朵,"图兰朵, Turandot"
85度tea奶茶・豪来都大鸡排,85度tea
DairyQueen,"冰雪皇后, Dairy Queen, DairyQueen"
口渴了饮品,口渴了
heekcaa皇茶,"喜茶, HEEKCAA"
缤果鲜茶,缤果鲜茶
重庆乡水源火锅,乡水源
佳客来,"佳客来, JOYCALLER"
星巴克,"星巴克, Starbucks"
重庆喜缘火锅,喜缘火锅
石二锅,石二锅
石二锅,石二锅
玛格利塔,"玛格利塔, Magritta"
仙芋世家,仙芋世家
千味涮,千味涮
大快活快餐,大快活
暹香泰茶,暹香泰茶
古茗,古茗
恋暖初茶,恋暖初茶
麦隆咖啡,"麦隆咖啡, MELLOWER"
辣f老火锅,辣f
牛b奶奶奶茶店,牛B奶奶
张阿姨奶茶,张阿姨奶茶
庆丰包子铺,庆丰包子铺
谭鸭血老火锅,谭鸭血
冰果彩虹,"冰果彩虹, ICEGOBOW"
泰芒了,泰芒了
宇治茶铺,宇治茶铺
玛格利塔现烤比萨,"玛格利塔, Magritta"
皇城老妈,皇城老妈
和合谷,和合谷
COMEBUY甘杯,"甘杯, COMEBUY"
蒸美味,蒸美味
屿蓝湾鲜果茶,屿蓝湾鲜果茶
椒麻鸡火锅,椒麻鸡
东方饺子王,东方饺子王
轰咖咖喱饭,轰咖咖喱饭
电台巷子火锅,电台巷
8波茶,"8波茶, 8 bo tea, 8botea, 8bo tea"
欧米奇手工烘焙坊,"欧米奇, AMICI COFFEE, AMICICOFFEE"
酷q杯,"酷Q, COOL Q, COOLQ"
找道茶,找道茶
迪欧咖啡,迪欧咖啡
东方既白,东方既白
东方宫兰州拉面,东方宫
ICEASON,"爱茜茜里, iceason"
天府辣f,辣f
茶桔便,"茶桔便, Hey Juice, HeyJuice"
奉茶,"奉茶, FANG CHA, FANGCHA"
Y茶,"Y茶, ding tea, dingtea"
圣巴里,"圣巴里, SUNPARTY"
雕刻时光,雕刻时光
宇治茶铺,宇治茶铺
泡泡撞茶,泡泡撞茶
索菲克牛排披萨餐厅,"索菲克, Sofeco"
轰咖咖喱饭,轰咖咖喱饭
李先生森串串香,"李先生, Mrlee"
毛家饭店,毛家饭店
新元素轻食,"新元素, Elementfresh"
查理布朗咖啡专门店,查理布朗
必胜客,必胜客
雅岛英皇茶,雅岛英皇茶
北家姓转转小火锅,北家姓
优芭,"优芭, YOBA"
麦当劳,"麦当劳, ""MCDONALDS"""
蓝象廷泰锅,蓝象廷
李先生牛肉面大王,"李先生, Mrlee"
X造杯,X造杯
喜栈优品,"喜栈, XZ"
印茶,"印茶, INCHA"
御厨传奇,御厨传奇
8090鲜萃茶,8090鲜萃茶
重庆德庄火锅,德庄火锅
Hollys Coffee 豪丽斯咖啡,"豪丽斯, HOLLYS COFFEE, HOLLYSCOFFEE"
彤德莱,彤德莱
乌铁茶集,乌铁茶集
宏状元粥,宏状元
彤德莱火锅,彤德莱
乡村基,"乡村基, CSC"
泡泡撞茶,泡泡撞茶
老娘舅,老娘舅
集渔海鲜火锅,集渔
半兽人料理店,半兽人
赛百味餐馆,"赛百味, SUBWAY"
jazcu,"珍仕, Jazcu"
内蒙小尾羊羊肉片,小尾羊
味蜀吾精品食府,味蜀吾
奶茶博士,奶茶博士
茶里茶里,茶里茶里
芒果芒果港式甜品,"芒果芒果, Mango Mango, MangoMango"
麻里麻里香锅,麻里麻里香锅
御厨传奇,御厨传奇
台资味,台资味
西少爷肉夹馍,西少爷
恋暖初茶,恋暖初茶
辛迪果饮,"辛迪果饮, cider drink, ciderdrink"
虾吃虾涮,虾吃虾涮
优格花园,优格花园
陈记顺和潮汕牛肉火锅,陈记顺和潮汕牛肉
百味记小郡肝砂罐串串,百味记小郡肝
漾漾好贡茶,漾漾好贡茶
阿香婆火锅,阿香婆
猫屎咖啡,猫屎咖啡
东方既白,东方既白
喜年贡茶,喜年贡茶
珍氏小肥羊山西铝厂分店,小肥羊
芒可甜品,芒可
西少爷肉夹馍,西少爷
豪口福牛肉面,豪口福
味千拉面,"味千拉面, 较大的休闲餐厅连锁经营商"
海岸茶度,海岸茶度
豪客来牛排,"豪客来, houcaller"
聪少甜品,聪少甜品
杏记甜品,杏记甜品
和合谷,和合谷
缤果鲜茶,缤果鲜茶
炊二哥炒菜馆,炊二哥
奉茶茶恋花,"奉茶, FANG CHA, FANGCHA"
大渝火锅,大渝火锅
铁锅门养身香辣馆,铁锅门养身香辣馆
摸错门牛肚王,摸错门牛肚王
屿蓝湾鲜果茶,屿蓝湾鲜果茶
贡茶奶茶店,贡茶
楼上火锅,楼上火锅
玺芝王茶,玺芝王茶
VOX唯餐厅,"唯咖啡, VOX"
茶米,"茶米, CHAME"
丽华快餐,丽华快餐
茶色倾城,茶色倾城
台资味,台资味
50岚鲜茶,50岚鲜茶
老乡鸡,老乡鸡
Ei mio,"爱咪欧, Ei mio, Eimio"
TASTYCOFFEE品味咖啡,"西堤牛排, Tasty"
VOX.COFFEE,"唯咖啡, VOX"
KIKA,kika
半兽人旋转自助火锅,半兽人
BIGPIZZA,"比格, Big Pizza, BigPizza"
东方既白,东方既白
罗帝可可咖啡吧,"罗帝可可, RODICOCO"
研磨时光咖啡,研磨时光
大龙D,大龙D
酷q杯,"酷Q, COOL Q, COOLQ"
cremia,Cremia
重庆过江龙火锅,过江龙火锅
喜乐芝,"喜乐芝, XEELEEZ"
YO!Tea有茶,"有茶, YO! Tea, YO!Tea"
零度乐园,"零度乐园, Zero Park, ZeroPark"
红屋牛排,红屋牛排
ZOOCOFFEE,"动物园咖啡, zoo coffee, zoocoffee"
塞纳左岸西餐厅,"塞纳左岸, SanaZoan"
美滋美味麻辣烫,美滋美
Coffee Box,"连咖啡, Coffee Box, CoffeeBox"
8波茶8botea,"8波茶, 8 bo tea, 8botea, 8bo tea"
咖啡陪你,"咖啡陪你, Caffebene"
辣府渔庄,辣府
西少爷快餐,西少爷
麦咖啡,"麦咖啡, McCafe"
西尾抹茶,西尾抹茶
屿蓝湾鲜果茶,屿蓝湾鲜果茶
鱼豆吉・豆浆鱼火锅,鱼豆吉
坎爷秘制火锅,坎爷秘制
掂档潮汕牛肉火锅,掂档潮汕牛肉
YUMMY果砸！,"雅蜜优格, yummy"
红屋牛排馆,红屋牛排
泰芒了,泰芒了
重庆小天鹅火锅,重庆小天鹅
吉野家,吉野家
东来顺餐馆,东来顺
尚客优品快餐厅,尚客优品
老港记,老港记
川味观火锅制造,川味观
阿旺茶,"阿旺茶, AWON"
萃茶师,萃茶师
避风港奶茶,避风港
vq鲜榨果汁,VQ鲜榨果汁
o2小氧,o2小氧
五条人糖水铺,五条人糖水铺
觅甜记甜品,觅甜记
五条人糖水铺,五条人糖水铺
公主馋港式甜品小站,公主馋
辣f重庆老火锅,辣f
麻里麻里香锅,麻里麻里香锅
水天堂铁板烧,水天堂
毛家饭店,毛家饭店
甜品工房,甜品工房
舞茶道,舞茶道
集集小镇,集集小镇
一夫茶,一夫茶
50岚鲜茶连锁,50岚鲜茶
胡须张鲁肉饭,胡须张
微.咖啡studio,"微咖啡, MicroCoffee"
布歌东京MvukeTokyo,"布歌东京, mvuke tokyo, mvuketokyo"
蒸美味,蒸美味
皇冕皇茶,皇冕皇茶
上岛咖啡,上岛咖啡
小龙坎老火锅,小龙坎老火锅
Casualmart Cafe,"Casual Mart, CasualMart"
乌铁茶集,乌铁茶集
恋暖初茶,恋暖初茶
THEONE,"炭茶, THEONE"
小肥羊,小肥羊
重庆巴山味庄火锅食府,巴山味庄
口渴了,口渴了
蛋挞王子一号店,蛋挞王
一芳台湾水果茶,一芳台湾水果茶
鲜茶趣,鲜茶趣
茶颜茶语奶茶店,茶颜茶语
和合谷,和合谷
素匠泰茶,素匠泰茶
贵族世家牛排,贵族世家牛排
沙美花庭,沙美花庭
辛迪果饮,"辛迪果饮, cider drink, ciderdrink"
小尾羊,小尾羊
品尚豆捞,品尚豆捞
恋尚哥老官,"哥老官, 哥老官美蛙鱼头"
乡村基,"乡村基, CSC"
呷哺呷哺,呷哺呷哺
黄记煌,黄记煌
茶家,茶家
小肥羊汤锅,小肥羊
玛丽莲甜品,玛丽莲
比格简餐,"比格, Big Pizza, BigPizza"
金五门秘制火锅,金五门
港芝悦港式茶点,港芝悦
研磨时光咖啡语茶,研磨时光
锅小二鸡公煲,锅小二
豪尚豪牛排馆,豪尚豪
蛋仔小茶,蛋仔小茶
来必堡,来必堡
Seesaw Coffee,"西舍咖啡, Seesaw Coffee, SeesawCoffee"
正新鸡排,正新鸡排
蛋挞工坊,"蛋挞工坊, Milktars"
马克西姆,"马克西姆, Maxims"
一点味餐厅,一点味餐厅
爵士岛咖啡,爵士岛咖啡
蓝象廷泰式小火锅,蓝象廷
喜栈,"喜栈, XZ"
巧芋工坊,巧芋工坊
MICROCOFFEE,"微咖啡, MicroCoffee"
咖啡陪你,"咖啡陪你, Caffebene"
HEY JUICE 茶桔便,"茶桔便, Hey Juice, HeyJuice"
华莱士炸鸡汉堡,华莱士
川味观,川味观
德克士,"德克士, Dicos"
快乐柠檬,"快乐柠檬, Happy lemon, Happylemon"
豪尚豪牛排馆,豪尚豪
七杯茶,七杯茶
千味涮,千味涮
孝文家茶,孝文家茶
西舍咖啡,"西舍咖啡, Seesaw Coffee, SeesawCoffee"
华莱士,华莱士
乐乐茶饮,"乐乐茶, LELECHA, LE LE CHA"
如创于茶,如创于茶
轰咖咖喱饭,轰咖咖喱饭
全城寻味,全城寻味
喜虾客火锅店,喜虾客
PORTTEA葡茶,"葡茶, Port Tea, PortTea"
MISSMILK美思密可酸奶,"MissMilk酸奶家族, MissMilk"
乡村基,"乡村基, CSC"
滇草香云南原生态汤火锅,滇草香
重庆齐齐火锅,齐齐火锅
欢乐柠檬,欢乐柠檬
屿蓝湾鲜果茶,屿蓝湾鲜果茶
巴山味庄串串香主题餐厅,巴山味庄
炊二哥火锅,炊二哥
小摘堂茶,小摘堂茶
泰芒了,泰芒了
请用茶,请用茶
ANSWERTEA答案茶,"答案, ANSWER TEA, ANSWERTEA"
四海游龙,四海游龙
bbq烧烤,"比比客, bbq"
百味澳门豆捞,澳门豆捞
塞纳左岸咖啡,"塞纳左岸, SsanaZoan"
玺芝王茶,玺芝王茶
布歌东京,"布歌东京, mvuke tokyo, mvuketokyo"
相思蜜哒,相思蜜哒
西堤岛咖啡,西堤岛咖啡
和合谷,和合谷
StayReal Café,StayReal
潘师傅中式营养餐厅,潘师傅
东方饺子王,东方饺子王
尼珂波咖啡站,"尼珂波咖啡, NICBOOY"
亚惠美食城,亚惠美食
品尚豆捞,品尚豆捞
大头椰,大头椰
王子拉茶,王子拉茶
真材实料健康煮意,健康煮
X造杯,X造杯
松竹园酒店,松竹
重庆小天鹅火锅,重庆小天鹅
和合谷,和合谷
喜年贡茶,喜年贡茶
记忆年代老火锅,"记忆年代老火锅, 记忆.年代老火锅"
屿蓝湾鲜果茶,屿蓝湾鲜果茶
inWE因味茶,"因味茶, inWE"
唯客多茶餐厅,唯客
吉野家,吉野家
鹿野茶事,鹿野茶事
雪花姐姐,雪花姐姐
恒记甜品,恒记甜品
茶之道,茶之道
茶之道,茶之道
斗牛士牛排餐厅,斗牛士牛排
珍仕鲜榨果汁JAZCU,"珍仕, Jazcu"
奈雪の茶,奈雪の茶
黑泷堂,黑泷堂
蓝山咖啡馆,蓝山咖啡
糖半甜生日蛋糕店,糖半甜
芒可甜品,芒可
德庄火锅,德庄火锅
一芳台湾水果茶,一芳台湾水果茶
大家乐,大家乐
伊示雅咖啡,"伊示雅, ISHIJAH"
黑泷太郎,黑泷太郎
赛百味快餐,"赛百味, SUBWAY"
阿香婆欢乐火锅,阿香婆
水玉丸作,水玉丸作
彤德莱火锅,彤德莱
趣捞坊火锅店,趣捞
重庆秦妈火锅,秦妈火锅
yummy饼屋,"雅蜜优格, yummy"
呷哺呷哺,呷哺呷哺
四川香天下,香天下
SPR COFFEE,"SPR咖啡, SPR COFFEE, SPRCOFFEE"
有家酸菜鱼,有家酸菜鱼
汕头八合里海记牛肉,八合里海记
红舵码头,红舵码头
沙美花庭,沙美花庭
世界茶饮,世界茶饮
趣捞鲜牛肉火锅,趣捞
巴奴毛肚火锅,巴奴毛肚
宫悦贡茶,宫悦贡茶
小辉哥屋头串串香,小辉哥
茶颜悦色,茶颜悦色
寻芋记,寻芋记
茶米生活?海苔饭团,"茶米, CHAME"
年年大丰收鱼庄,年年大丰收鱼庄
乡水源头,乡水源
鹿谷u茶,鹿谷u茶
豪尚豪牛排馆,豪尚豪
口渴了饮品,口渴了
答案茶,"答案, ANSWER TEA, ANSWERTEA"
Port tea葡茶,"葡茶, Port Tea, PortTea"
初代宇治抹茶,初代宇治抹茶
嗑茶,嗑茶
My coffee・1898,"MY COFFEE, MYCOFFEE"
东方宫中m州牛肉拉M,东方宫
爵士岛咖啡饮品店,爵士岛咖啡
荼啡茶,荼啡茶
三元梅园,三元梅园
德庄火锅,德庄火锅
漫猫咖啡厅,漫猫咖啡
Eimio爱咪欧冻酸奶,"爱咪欧, Ei mio, Eimio"
小尾羊欢乐牧场自助餐厅,小尾羊
一品三笑餐馆,一品三笑
逸美时光咖啡,逸美时光
Diosa chocolate,"蒂奥莎, DIOSA"
尼珂波咖啡站,"尼珂波咖啡, NICBOOY"
蛙小侠,蛙小侠
良木缘咖啡西餐,良木缘
CoffeeBox,"连咖啡, Coffee Box, CoffeeBox"
米多面多,"米多面多, MIDOU"
东来顺饼铺家常菜,东来顺
周麻婆,周麻婆
米莫的茶,米莫的茶
来必堡,来必堡
重庆德庄火锅,德庄火锅
趣捞旋转小火锅,趣捞
帝娜朵拉,帝娜朵拉
齐齐火锅,齐齐火锅
永和大王,"永和大王, 台式风味的精致快餐"
乡村基,"乡村基, CSC"
周麻婆,周麻婆
卡淇乐,卡淇乐
上岛咖啡,上岛咖啡
四云奶盖贡茶,四云奶盖贡茶
麦隆咖啡,"麦隆咖啡, MELLOWER"
贵族世家牛排,贵族世家牛排
口渴了饮品,口渴了
玛格利塔,"玛格利塔, Magritta"
秦妈火锅,秦妈火锅
luckincoffeelss,"瑞幸咖啡, luckin"
乌铁茶集,乌铁茶集
秋叶塘甜品,秋叶塘
辣府,辣府
粥全粥到,粥全粥到
1点点,"1点点, 1cc"
东方宫牛肉面,东方宫
集集小镇,集集小镇
李先生火锅串串?清真店,"李先生, Mrlee"
fresh mix鲜果优,"鲜果优, Fresh MIX, FreshMIX"
年年大丰收鱼庄,年年大丰收鱼庄
聪少甜品,聪少甜品
百年老妈火锅,百年老妈
有拈头・成都市井火锅,有拈头
一只酸奶牛,一只酸奶牛
马兰拉面,"马兰拉面, Malan"
茶托邦,茶托邦
雀圣冰室,雀圣冰室
THEONE奶茶店,"炭茶, THEONE"
蜜师,蜜
御厨传奇火锅,御厨传奇
miss宋抹茶,miss宋
恒记甜品,恒记甜品
巧芋工坊,巧芋工坊
斗牛士牛排餐厅,斗牛士牛排
青沫茶颜,青沫茶颜
巴四老城区炭火蛙锅,巴四老城区炭火蛙锅
一点味餐厅,一点味餐厅
雕刻时光咖啡馆,雕刻时光
必来客,"必来客, BELIKE"
毋米粥.牛杂煲,毋米粥
好伦哥,"好伦哥, Origus"
雅山牛肉饭,"雅山, gazan"
一点味餐厅,一点味餐厅
找茶趣,"找茶, I tea, Itea"
八合里海记,八合里海记
汤饱宝,汤饱宝
正新鸡排,正新鸡排
丹堤咖啡,丹堤咖啡
来必堡,来必堡
雪花屋,"雪花屋, SNOW HOUSE, SNOWHOUSE"
嘉和一品茶艺,嘉和一品
Fuel Espresso,"Fuel Espresso, FuelEspresso"
千味涮自选火锅城,千味涮
TeddyBus泰迪巴士,"泰迪咖啡, Teddy"
炊二哥土火锅,炊二哥
重庆小天鹅,重庆小天鹅
尚上捞火锅店,尚上捞
蓝湾咖啡,蓝湾咖啡
雕刻时光咖啡馆,雕刻时光
大快活,大快活
朝茶,朝茶
那都不是锅港式打边炉,那都不是锅
星期五披萨,"星期五, FRIDAYS"
老乡鸡,老乡鸡
不二锅,不二锅
云潞咖啡,云潞
雪花姐姐,雪花姐姐
MUSANG KING 猫山王,"猫山王, Musang King, MusangKing"
不二锅FUJIPOT小火锅,不二锅
豪享来牛排,豪享来
鹿谷u茶,鹿谷u茶
辣f火锅店,辣f
一陌茶旅,一陌茶旅
恒记甜品,恒记甜品
玺芝王茶,玺芝王茶
乐在甜品,"乐在甜品, LE JOY, LEJOY"
雅山,"雅山, gazan"
味千拉面,"味千拉面, 较大的休闲餐厅连锁经营商"
淘汰郎小火锅外送,淘汰郎
豪尚豪牛排馆,豪尚豪
麻辣小屋花甲粉,麻辣小屋
米莫的茶Mimo,米莫的茶
满记甜品,满记甜品
呷哺呷哺,呷哺呷哺
乡村基,"乡村基, CSC"
磨咖小镇,磨咖小镇
东来顺鲶鱼火锅,东来顺
禄鼎记蘸水菜,禄鼎记
禄鼎记食家,禄鼎记
咖啡陪你,"咖啡陪你, Caffebene"
赛百味,"赛百味, SUBWAY"
7分甜,7分甜
Yummy cake杨米蛋糕店,"雅蜜优格, yummy"
麦隆咖啡,"麦隆咖啡, MELLOWER"
站亭,"站亭, Donut stop, Donutstop"
LITTLE BEAN,"LITTLE BEAN, LITTLEBEAN"
巴奴不二青年火锅,巴奴
丹堤咖啡,丹堤咖啡
两岸咖啡,两岸咖啡
爱思米快餐营养粥,"爱思米, Kissme"
觅糖记?美颜糖水甜品,"觅糖记, MeetDessert"
吉祥馄饨面,吉祥馄饨
花逅嘿串串,花逅
TheOne韩式炸鸡,"炭茶, THEONE"
亲爱的郭,亲爱的郭
贵族世家牛排,贵族世家牛排
轻觅甜味QM,轻觅
酒窝甜品,酒窝甜品
湾捞王餐馆,捞王
宫悦贡茶,宫悦贡茶
亚惠美食市集,亚惠美食
丽华快餐,丽华快餐
Micat薄荷猫美式冻酸奶,"薄荷猫, Micat"
港饮之港知行,港饮之港
爵士岛咖啡,爵士岛咖啡
喜虾客,喜虾客
丹堤咖啡,丹堤咖啡
下一站奶茶,下一站奶茶
COCO,"都可, COCO, 都可茶饮"
黑龙茶,黑龙茶
不二茶铺FuJiTea,不二茶铺
北家姓转转小火锅,北家姓
老娘舅,老娘舅
坎爷秘制火锅,坎爷秘制
椒麻鸡 鱼来鱼旺,椒麻鸡
茶风暴,茶风暴
优多C果汁,优多C
非茶不可,非茶不可
榴莲一品,榴莲一品
一品三笑,一品三笑
茶颜悦色网红奶茶,茶颜悦色
密密骨羊蝎子,密密骨羊蝎子
愉筷客运中心店,愉筷
老乡鸡,老乡鸡
川味观,川味观
摸错门牛肚王,摸错门牛肚王
茉沏,茉沏
陈佬鸽养生乳鸽馆,陈佬鸽
豪客来牛排,"豪客来, houcaller"
甜甜圈Komi,"甜甜圈, DAYLIGHT DONUTS, DAYLIGHTDONUTS"
茉沏,茉沏
喜虾客,喜虾客
欢乐柠檬,欢乐柠檬
百味记小郡肝砂罐串串,百味记小郡肝
老港记,老港记
Coffee Box,"连咖啡, Coffee Box, CoffeeBox"
茶咖道,茶咖道
雅山烤鱼,"雅山, gazan"
集集小镇,集集小镇
奇火锅,奇火锅
萨莉亚意式餐厅,"萨莉亚, Saizeriya"
面点王,面点王
周麻婆,周麻婆
亚惠美食厨房,亚惠美食
星期五烧烤店,"星期五, FRIDAYS"
厚呷-台式茶饮制造,"厚呷, HOUJIA"
迪欧咖啡,迪欧咖啡
澳门豆捞,澳门豆捞
海底捞外送,海底捞
食通天美食广场,食通天美食广场
豪享来,豪享来
芋贵圆,芋贵圆
茶与布朗,茶与布朗
有拈头・成都市井火锅,有拈头
陶然居,陶然居
8090鲜萃茶手游馆,8090鲜萃茶
二人锅,二人锅
永和大王,"永和大王, 台式风味的精致快餐"
蜜,蜜
易思凯斯咖啡店,"易思凯斯, Esquires"
三不牛腩,三不牛腩
Yummy水果捞,"雅蜜优格, yummy"
布歌东京MvukeTokyo,"布歌东京, mvuke tokyo, mvuketokyo"
室町品茶,室町品茶
小南国 天下之味,小南国
嗲茶,嗲茶
大龙D火锅,大龙D
鲜果时间,鲜果时间
泡泡撞茶,泡泡撞茶
kissme潮牌便当,"爱思米, Kissme"
小蒙牛顶级麻辣养生锅,小蒙牛
塞纳左岸・咖啡,"塞纳左岸, SsanaZoan"
粥全粥到,粥全粥到
茶桔便,"茶桔便, Hey Juice, HeyJuice"
漫猫咖啡MANCAT COFFEE,漫猫咖啡
滇缅会馆・小肥羊店,小肥羊
柠檬皇后,柠檬皇后
咖啡陪你,"咖啡陪你, Caffebene"
如创于茶,如创于茶
阿华大虾,阿华大虾
x造杯,X造杯
口渴了饮品,口渴了
C多多,c多多
luckin coffee瑞幸咖啡,"瑞幸咖啡, luckin"
佳佳基三山餐厅,佳佳基
味千拉面,"味千拉面, 较大的休闲餐厅连锁经营商"
千味涮,千味涮
连咖啡Coffee Box,"连咖啡, Coffee Box, CoffeeBox"
雅山快餐,"雅山, gazan"
丹堤咖啡,丹堤咖啡
辛发亭,辛发亭
上岛咖啡,上岛咖啡
川江号子美食城,川江号子
觅糖记?美颜糖水甜品,"觅糖记, MeetDessert"
芋观园,芋观园
德克士,"德克士, Dicos"
台中牛排馆&元太祖蒙古烤肉,台中牛排馆
半兽人料理旋转火锅店,半兽人
问茶,问茶
集渔・泰式海鲜火锅,集渔
马兰拉面,"马兰拉面, Malan"
大快活,大快活
找茶趣贡茶,"找茶, I tea, Itea"
辣f,辣f
蜀大侠火锅,蜀大侠
阿华大虾,阿华大虾
潘师傅馋面,潘师傅
鱼一哥宝塔锅王,鱼一哥
星巴克,"星巴克, Starbucks"
许留山,许留山
雅山,"雅山, gazan"
蒸膳美都乐餐饮联盟,蒸膳美
重庆齐齐火锅,齐齐火锅
皇冕皇茶店,皇冕皇茶
小龙坎老火锅,小龙坎老火锅
布维记,布维记
香芋仙,香芋仙
百旗氏,"百旗氏, BQS"
红舵码头,红舵码头
蜜果,蜜果
老娘舅,老娘舅
弥茶,弥茶
哆可,哆可
LeJoy Cafe,"乐在甜品, LE JOY, LEJOY"
壹早壹碗豆腐脑,壹早壹碗
鲜茶趣,鲜茶趣
尼珂波咖啡站,"尼珂波咖啡, NICBOOY"
甜甜圈&TEA,"甜甜圈, DAYLIGHT DONUTS, DAYLIGHTDONUTS"
雅山和式牛肉饭,"雅山, gazan"
50岚鲜茶专卖连锁,50岚鲜茶
亚惠美食广场,亚惠美食
李先生加州牛肉面大王,"李先生, Mrlee"
SweetCorner甜蜜转身,"甜蜜转身, Sweet Corner, SweetCorner"
轰咖咖喱饭,轰咖咖喱饭
彤德莱火锅,彤德莱
黑玉奶茶,黑玉奶茶
雪冰元素,雪冰
粥鼎记,粥鼎记
毋米粥开煲,毋米粥
川渝部落,川渝部落
theone唯一饮品,"炭茶, THEONE"
不二锅FUJIPOT小火锅,不二锅
鱼尚鲜蒸汽石锅鱼,鱼尚鲜
战锅策尚膳厨坊,战锅策
载沅家炒酸奶厚街,载沅家
鲜果港,鲜果港
蒂奥莎烘焙,"蒂奥莎, DIOSA"
乐乐茶馆,"乐乐茶, LELECHA, LE LE CHA"
DunkinDonuts唐恩都乐,"唐恩都乐, dunkin donuts, dunkindonuts"
面点王,面点王
曼妙午后,曼妙午后
和合谷,和合谷
猫屎咖啡,猫屎咖啡
乐乐茶、咖啡,"乐乐茶, LELECHA, LE LE CHA"
夏日沫沫茶,夏日沫沫茶
芋观园,芋观园
Leonidas Chocolate,"利奥尼达斯, LEONIDAS"
TEDDY café,"泰迪咖啡, Teddy"
Port Tea葡茶,"葡茶, Port Tea, PortTea"
Leonidas,"利奥尼达斯, LEONIDAS"
莫凡彼CAFE & ICE CREAM,"莫凡彼, Movenpick"
Cititea,"吸吉茶, CITITEA, CITITEE"
illy咖啡,illy咖啡
贵族世家牛排,贵族世家牛排
壹早壹碗豆腐脑,壹早壹碗
猫屎咖啡下午茶，蚝门夜店,猫屎咖啡
茶百道,茶百道
松竹林休闲农庄,松竹
知乎茶也,知乎茶也
五条人糖水铺,五条人糖水铺
喜虾客,喜虾客
爵士岛咖啡,爵士岛咖啡
o2小氧,o2小氧
SPR咖啡,"SPR咖啡, SPR COFFEE, SPRCOFFEE"
苏阁鲜茶,苏阁鲜茶
贵族世家牛排,贵族世家牛排
水天堂西餐厅,水天堂
华莱士炸鸡汉堡,华莱士
欢乐柠檬,欢乐柠檬
布维记,布维记
vq鲜榨果汁,VQ鲜榨果汁
一只酸奶牛,一只酸奶牛
和茶仓奶茶,和茶仓
咖啡陪你,"咖啡陪你, Caffebene"
鲜果时间,鲜果时间
萃茶师,萃茶师
小红袍龙虾馆,小红袍
巴奴毛肚火锅,巴奴毛肚
老磨坊羊汤馆,老磨坊
厚呷,"厚呷, HOUJIA"
杏记甜品,杏记甜品
黔乡牧人,黔乡牧人
鲜果港,鲜果港
北家姓转转小火锅,北家姓
钱都日式涮涮锅,钱都日式涮涮锅
千味涮涮烤自助,千味涮
Yummy Donuts甜甜圈,"雅蜜优格, yummy"
肯德基,"肯德基, KFC"
查理布朗咖啡专门店,查理布朗
两岸咖啡,两岸咖啡
onadore安乃迪尔,"安乃迪尔, ONadore"
冰雪皇后,"冰雪皇后, Dairy Queen, DairyQueen"
蒂奥莎diosa,"蒂奥莎, DIOSA"
汉堡王,"汉堡王, BurgerKing"
米集盒,米集盒
重庆秦妈火锅,秦妈火锅
有拈头成都市井火锅,有拈头
movo.boutique,"摩威冰淇淋, movo"
仙芋世家,仙芋世家
淳百味,淳百味
澳门豆捞,澳门豆捞
INCHA印茶黑金,"印茶, INCHA"
楼上火锅城,楼上火锅
重庆小天鹅火锅,重庆小天鹅
爷茶,"爷茶, GRANDPA"
宇治茶铺,宇治茶铺
CITITEE一吸吉茶,"吸吉茶, CITITEA, CITITEE"
Sizzler时时乐西餐厅,"时时乐, Sizzler"
新作之茶,新作之茶
全城寻味美食屋,全城寻味
segafredo咖啡,Segafredo
朵娜贝拉,"朵娜贝拉, dorabella"
珍仕鲜榨果汁JAZCU,"珍仕, Jazcu"
猫屎咖啡,猫屎咖啡
漫猫咖啡,漫猫咖啡
小南国,小南国
COMEBUY甘杯,"甘杯, COMEBUY"
一只酸奶牛,一只酸奶牛
鱼一哥宝塔锅王,鱼一哥
茶色倾城,茶色倾城
永和大王,"永和大王, 台式风味的精致快餐"
石二锅,石二锅
我呀便当,我呀便当
黄记煌三汁焖锅,黄记煌
汤饱宝,汤饱宝
淘汰郎小火锅重庆店,淘汰郎
雪冰之恋,雪冰
狗不理汤包,狗不理
永和豆浆美食城,永和豆浆
pacific coffee company,Pacific Coffee
巴四老城区炭火蛙锅,巴四老城区炭火蛙锅
凑凑火锅,凑凑
漫猫咖啡馆,漫猫咖啡
罗帝可可,"罗帝可可, RODICOCO"
漾漾好贡茶,漾漾好贡茶
街头茶客,街头茶客
拉芳舍咖啡・美食办公区,拉芳舍
皇城老妈火锅,皇城老妈
漾漾好贡茶,漾漾好贡茶
外婆烧,外婆烧
一只酸奶牛,一只酸奶牛
骑士老虎茶・黑糖,骑士老虎茶
豪享来牛排,豪享来
茶之道,茶之道
蓝山咖啡馆,蓝山咖啡
DORABELLA朵娜贝拉,"朵娜贝拉, dorabella"
本位咖啡,"本位咖啡, BASIS COFFEE, BASISCOFFEE"
川国演义旋转小火锅,"川国演义, 川锅演义"
辣府,辣府
香天下自助火锅,香天下
恒记甜品,恒记甜品
阿官火锅专家,阿官火锅专家
柠檬王子,柠檬王子
傣妹火锅,傣妹火锅
糖半甜生日蛋糕,糖半甜
唯客蒸笼面,唯客
茶米茶奶茶店,"茶米, CHAME"
小龙坎老火锅,小龙坎老火锅
星期五串坊,"星期五, FRIDAYS"
迪欧咖啡,迪欧咖啡
九龙巴士,九龙巴士
吉祥馄饨,吉祥馄饨
肯德基,"肯德基, KFC"
吉祥馄饨,吉祥馄饨
唯客多牛肉意面会馆,唯客
蓝山咖啡馆,蓝山咖啡
重庆齐齐火锅,齐齐火锅
皇城老妈火锅,皇城老妈
茶风暴,茶风暴
辣三疯美蛙鱼头火锅,辣三疯美蛙鱼头
锅小二半自选火锅,锅小二
檬舒舒MonChouChou,"檬舒舒, MonChouChou"
觅甜记港式甜品,觅甜记
糖皇甜品,糖皇甜品
星巴克,"星巴克, Starbucks"
迪欧咖啡,迪欧咖啡
乐乐茶,"乐乐茶, LELECHA, LE LE CHA"
快乐柠檬,"快乐柠檬, Happy lemon, Happylemon"
泰芒了,泰芒了
毛家饭店驴肉薄皮大馅饺子,毛家饭店
老乡鸡米饭桂花汤圆,老乡鸡
半兽人旋转火锅,半兽人
凉先绅,凉先绅
舌尖记忆,舌尖记忆
茶里茶里,茶里茶里
TEDDY ISLAND,"泰迪咖啡, Teddy"
九鼎轩精菜馆,九鼎轩
喜乐芝饮品店,"喜乐芝, XEELEEZ"
唯客哆,唯客
甜品工房,甜品工房
皇城老妈,皇城老妈
汕头八合里海记牛肉火锅店,八合里海记
茶着,茶着
玛格利塔,"玛格利塔, Magritta"
BBQ Café,"比比客, bbq"
陶然居,陶然居
捞王酸菜鱼,捞王
酌味涮健康小火锅,酌味涮
MANGO SIX,"MANGO SIX, MANGOSIX"
阿贝兹披萨,"阿贝兹, MiaBellezza"
哈根达斯,哈根达斯
鱼豆吉・豆浆鱼火锅,鱼豆吉
素匠泰茶,素匠泰茶
鲜果优悠,"鲜果优, Fresh MIX, FreshMIX"
百特喜鹅肝比萨意大利餐厅,"百特喜, BAKERS"
库布里克书店咖啡,"库布里克, kubrick"
答案奶茶,"答案, ANSWER TEA, ANSWERTEA"
滇草香老北京铜火锅,滇草香
COMEBUY 甘杯,"甘杯, COMEBUY"
捞王锅物料理,捞王
蒙自源,蒙自源
淮都辣府,辣府
不二茶铺FuJiTea,不二茶铺
老港记松枝记,老港记
川府老妈,川府老妈
石二锅,石二锅
索菲克汉堡,"索菲克, Sofeco"
哈里欧咖啡,哈里欧咖啡
玛格利塔现烤披萨,"玛格利塔, Magritta"
爱思米时尚简餐,"爱思米, Kissme"
正新鸡排,正新鸡排
Venchi,venchi
贡茶,贡茶
西少爷焖肉饭、排骨饭,西少爷
蒸功夫快餐,蒸功夫
素百味,素百味
如一坊,如一坊
Miss宋御茶坊,miss宋
问茶,问茶
DairyQueen,"冰雪皇后, Dairy Queen, DairyQueen"
港芝悦TeaVB港式奶茶,港芝悦
阿叔熬奶茶,阿叔熬奶茶
VQ鲜榨果汁,VQ鲜榨果汁
德庄火锅,德庄火锅
漫猫咖啡,漫猫咖啡
来必堡,来必堡
猫揽仙甜品主题餐厅,猫揽仙
面点王大排档,面点王
巴贝拉意式餐厅,"巴贝拉, Babela"
C多多,c多多
酒窝甜品,酒窝甜品
榴莲一品,榴莲一品
上岛咖啡,上岛咖啡
口福居火锅,口福居火锅
奈雪の茶,奈雪の茶
佰人王串串香火锅,佰人王串串香
朝茶,朝茶
DORABELLA,"朵娜贝拉, dorabella"
SPR咖啡店,"SPR咖啡, SPR COFFEE, SPRCOFFEE"
西堤牛排,"西堤牛排, Tasty"
DairyQueen,"冰雪皇后, Dairy Queen, DairyQueen"
爱思米快餐,"爱思米, Kissme"
Luckin coffee瑞幸咖啡,"瑞幸咖啡, luckin"
猫山王榴莲甜品,"猫山王, Musang King, MusangKing"
良木缘咖啡,良木缘
汤饱宝,汤饱宝
teddy cafe,"泰迪咖啡, Teddy"
屿蓝湾鲜果茶,屿蓝湾鲜果茶
爱思米麻辣香锅,"爱思米, Kissme"
辣府纸包鸡,辣府
荼啡茶,荼啡茶
九龙巴士,九龙巴士
vox.coffee唯咖啡,"唯咖啡, VOX"
唯客多牛排饭,唯客
不二茶铺FuJiTea,不二茶铺
黑龙茶,黑龙茶
豪尚豪牛排馆,豪尚豪
大家乐燃面,大家乐
一只酸奶牛,一只酸奶牛
肯德基,"肯德基, KFC"
Pierre Marcolini,"Pierre Marcolini, PierreMarcolini"
必来客,"必来客, BELIKE"
8波茶,"8波茶, 8 bo tea, 8botea, 8bo tea"
蛙来哒炭烧牛蛙,蛙来哒
泰芒了,泰芒了
研磨时光咖啡,研磨时光
重庆齐齐火锅,齐齐火锅
蛋挞王,蛋挞王
港芝悦,港芝悦
相思蜜哒创意甜品,相思蜜哒
外婆家小面,外婆家
葡茶POCTEA,"葡茶, Port Tea, PortTea"
糖百府,糖百府
必来客,"必来客, BELIKE"
Meeteastore,"鸣茶, MEE TEA, MEETEA"
猫山王榴莲工坊,"猫山王, Musang King, MusangKing"
大快活,大快活
周麻婆,周麻婆
王子拉茶,王子拉茶
MANGOSIX,"MANGO SIX, MANGOSIX"
老娘舅,老娘舅
豪客来牛排,"豪客来, houcaller"
1点点,"1点点, 1cc"
面点王,面点王
茶之道茶饮,茶之道
佳佳基汉堡炸鸡,佳佳基
五条人糖水铺,五条人糖水铺
芝士客皇茶,芝士客皇茶
小尾羊全羊馆,小尾羊
掂档潮汕牛肉火锅,掂档潮汕牛肉
黔乡牧人烫皮羊肉火锅,黔乡牧人
TWOSOME途尚咖啡,"途尚咖啡, Twosome"
辣f重庆老火锅,辣f
海底捞外送,海底捞
川江号子龙虾馆,川江号子
糖汇甜品,糖汇甜品
蒙自源云南过桥米线,蒙自源
川渝部落重庆老火锅,川渝部落
吸吉茶,"吸吉茶, CITITEA, CITITEE"
布维记,布维记
麦当劳,"麦当劳, ""MCDONALDS"""
奈雪の茶,奈雪の茶
乡村基文化言,"乡村基, CSC"
金五门秘制老火锅,金五门
阿水大杯茶,阿水大杯茶
水天堂,水天堂
星巴克,"星巴克, Starbucks"
Luckin? coffee,"瑞幸咖啡, luckin"
口渴了饮品,口渴了
永和豆浆,永和豆浆
虾吃虾涮,虾吃虾涮
年年大丰收鱼庄,年年大丰收鱼庄
豪客来牛排,"豪客来, houcaller"
柠檬工坊,柠檬工坊
8botea,"8波茶, 8 bo tea, 8botea, 8bo tea"
大龙D火锅,大龙D
茶里茶里,茶里茶里
72街,72街
泡泡撞茶,泡泡撞茶
kfc风味香酥鸡块,"肯德基, KFC"
傣妹火锅,傣妹火锅
茶百道,茶百道
外婆烧.老底子杭帮菜,外婆烧
8 Bo tea 八波茶,"8波茶, 8 bo tea, 8botea, 8bo tea"
小尾羊,小尾羊
重庆喜缘火锅,喜缘火锅
玛丽莲,玛丽莲
西树泡芙,"Chez Choux, 西树泡芙"
知乎茶也,知乎茶也
C多多时尚饮品,c多多
麦地初茶,麦地初茶
巴贝拉意式休闲餐厅,"巴贝拉, Babela"
大龙D火锅,大龙D
阿叔熬奶茶,阿叔熬奶茶
李先生加州牛肉面大王,"李先生, Mrlee"
重庆大队长主题火锅,大队长主题火锅
Port Tea葡茶,"葡茶, Port Tea, PortTea"
佰人王串串香,佰人王串串香
豪客来牛排,"豪客来, houcaller"
8090鲜萃茶,8090鲜萃茶
满哥甜品,满哥甜品
奶熊奶茶店,奶熊奶茶
胡须张鲁肉饭,胡须张
麦当劳,"麦当劳, ""MCDONALDS"""
青柠记忆泰式海鲜火锅,青柠记忆
觅甜记,觅甜记
世界茶饮,世界茶饮
黄记煌三汁焖锅,黄记煌
ZOO COFFEE,"动物园咖啡, zoo coffee, zoocoffee"
ICE DEMON,"冰雪怪, ICE DEMON, ICEDEMON"
72街,72街
不二锅FUJIPOT小火锅,不二锅
御厨传奇自助涮烤,御厨传奇
咖啡陪你,"咖啡陪你, Caffebene"
皇城老妈,皇城老妈
O2小氧,o2小氧
优格花园,优格花园
东来顺饭庄,东来顺
小尾羊餐饮,小尾羊
胡须张鲁肉饭,胡须张
o2小氧鲜榨果汁,o2小氧
尚上捞小火锅,尚上捞
连咖啡CoffeeBox,"连咖啡, Coffee Box, CoffeeBox"
石二锅,石二锅
丹堤咖啡,丹堤咖啡
五条人糖水铺,五条人糖水铺
多米诺豆花甜品站,多米诺豆花
粥全粥到,粥全粥到
汉堡王子,"汉堡王, BurgerKing"
茶之道皮革城店,茶之道
胡须张卤肉饭,胡须张
新辣道,新辣道
谭鸭血老火锅,谭鸭血
漾漾好贡茶,漾漾好贡茶
全城寻味小吃城,全城寻味
川味观大盘鸡酸菜鱼,川味观
佳佳基,佳佳基
萨莉亚,"萨莉亚, Saizeriya"
丹堤咖啡,丹堤咖啡
永和豆浆,永和豆浆
弥茶,弥茶
阿香婆炒鸡,阿香婆
港饮之港新路村店,港饮之港
喜栈,"喜栈, XZ"
黄记煌三汁焖锅,黄记煌
站亭甜甜圈,"站亭, Donut stop, Donutstop"
牛b奶奶,牛B奶奶
川国演义,"川国演义, 川锅演义"
movo,"摩威冰淇淋, movo"
inWE因味茶,"因味茶, inWE"
MEETEAQ茶,"鸣茶, MEE TEA, MEETEA"
MINIMELTS迷你美珠冰淇淋,Minimelts
豪客来牛排,"豪客来, houcaller"
渝城老妈,渝城老妈
胡须张鲁肉饭,胡须张
金五门秘制火锅,金五门
蛋仔小茶,蛋仔小茶
漫咖啡,"漫咖啡, MAANCOFFEE"
有茶出沫,"有茶, YO! Tea, YO!Tea"
lelecha乐乐茶,"乐乐茶, LELECHA, LE LE CHA"
名味食煲仔饭,名味食
新元素概念餐厅,"新元素, Elementfresh"
弥茶,弥茶
和合谷国人快餐,和合谷
靓茶,"靓茶, leeacca"
青沫茶颜,青沫茶颜
泰芒了,泰芒了
重庆刘一手火锅,"刘一手火锅, 重庆刘一手火锅"
蒸膳美食,蒸膳美
CAPITANO COFFEE,"元帅咖啡, capitano coffee, capitanocoffee"
甜猫甜品,甜猫甜品
喜虾客特色虾火锅,喜虾客
微咖啡,"微咖啡, MicroCoffee"
塞纳左岸咖啡西餐厅,"塞纳左岸, SanaZoan"
茶里茶里,茶里茶里
茶托邦,茶托邦
肯德基,"肯德基, KFC"
segafredo奶茶咖啡简餐酒水,Segafredo
五条人糖水铺,五条人糖水铺
Chikalicious,Chikalicious
味蜀吾成都火锅,味蜀吾
makamaka滋蛋仔,"滋蛋仔, MAKA MAKA, MAKAMAKA"
Y茶,"Y茶, ding tea, dingtea"
CITITEE一吸吉茶,"吸吉茶, CITITEA, CITITEE"
爱咪欧冻酸奶,"爱咪欧, Ei mio, Eimio"
西树泡芙,"Chez Choux, 西树泡芙"
宇治茶铺,宇治茶铺
雪花姐姐,雪花姐姐
素百味自助健康蔬食汇,素百味
食通天美食广场,食通天美食广场
8botea 8波茶,"8波茶, 8 bo tea, 8botea, 8bo tea"
茶家杂记,茶家
百年老妈火锅,百年老妈
茶屋语,"茶屋, TRDLO"
舌尖记忆,舌尖记忆
萃茶师,萃茶师
宇治茶铺,宇治茶铺
巴人小龙坎老火锅,小龙坎老火锅
乌煎道黑龙茶,乌煎道黑龙茶
马兰拉面,"马兰拉面, Malan"
唐恩都乐,"唐恩都乐, dunkin donuts, dunkindonuts"
C多多,c多多
百年老妈牛油火锅,百年老妈
热辣壹号,热辣壹号
奶茶博士,奶茶博士
重庆过江龙火锅宣恩店,过江龙火锅
舌尖记忆,舌尖记忆
蒂米雪蛋糕店,"蒂米雪, DIMIXUE"
皇家捞王重庆火锅,捞王
McCafe,"麦咖啡, McCafe"
Double Win Cafe,"Double Win Cafe, DoubleWinCafe"
小红袍香港私房火锅料理,小红袍
夏日沫沫茶,夏日沫沫茶
咖啡陪你,"咖啡陪你, Caffebene"
五条人糖水铺,五条人糖水铺
马兰拉面,"马兰拉面, Malan"
张阿姨奶茶,张阿姨奶茶
水天堂西餐厅,水天堂
谷子帝五谷煎饼,谷子帝
炊二哥四川火锅,炊二哥
海底捞,海底捞
喜茶,"喜茶, HEEKCAA"
麦隆咖啡,"麦隆咖啡, MELLOWER"
雅岛英皇茶,雅岛英皇茶
糖品,糖品
探茶tamcaa,探茶
酒窝甜品,酒窝甜品
Teddy Bus 泰迪巴士,"泰迪咖啡, Teddy"
谷子帝五谷煎饼,谷子帝
暹香泰茶,暹香泰茶
哆可,哆可
迪欧咖啡,迪欧咖啡
丹堤咖啡,丹堤咖啡
鲜果时间,鲜果时间
茶百道,茶百道
载沅家炒酸奶,载沅家
阿水大杯茶,阿水大杯茶
三元梅园,三元梅园
面点王,面点王
蒸浏记,蒸浏记
Hollys Coffee 豪丽斯咖啡,"豪丽斯, HOLLYS COFFEE, HOLLYSCOFFEE"
花逅・爱心火锅,花逅
蓝山咖啡馆,蓝山咖啡
嘉和一品粥,嘉和一品
香芋仙,香芋仙
仙芋传奇甜品店,仙芋传奇
蒸功夫特色小吃,蒸功夫
华必和,华必和
许留山,许留山
小龙坎老火锅,小龙坎老火锅
骑士老虎茶,骑士老虎茶
彤德莱火锅,彤德莱
THEONE,"炭茶, THEONE"
彤德莱火锅,彤德莱
必胜客快餐,必胜客
茶颜茶语,茶颜茶语
巴四老城区炭火蛙锅,巴四老城区炭火蛙锅
Venchi,venchi
大虎老火锅,大虎老火锅
胡须张鲁肉饭,胡须张
吉祥馄饨・面,吉祥馄饨
星巴克,"星巴克, Starbucks"
青柠记忆泰式海鲜火锅,青柠记忆
巴贝拉披萨,"巴贝拉, Babela"
电台巷火锅,电台巷
下一站奶茶吧,下一站奶茶
红舵码头小火锅,红舵码头
悟茶,悟茶
72街,72街
老娘舅,老娘舅
汕头八合里海记牛肉,八合里海记
香天下老火锅,香天下
茶米恰恰,"茶米, CHAME"
和合谷,和合谷
大家乐,大家乐
黑泷太郎,黑泷太郎
1点点,"1点点, 1cc"
芋观园,芋观园
百年老妈火锅,百年老妈
喜虾客,喜虾客
阿华大虾音乐主题餐厅,阿华大虾
本宫的茶GENGONGSTEA,本宫的茶
嗲茶,嗲茶
二人锅,二人锅
辣府,辣府
内蒙小肥羊,小肥羊
鹿野茶事,鹿野茶事
舞茶道,舞茶道
萨莉亚,"萨莉亚, Saizeriya"
缤果鲜茶,缤果鲜茶
C多多,c多多
良木缘咖啡西餐,良木缘
大头椰・海南椰子鸡火锅,大头椰
蜜鲜饮,蜜
一芳水果茶,一芳水果茶
嗲茶,嗲茶
贵族世家牛排,贵族世家牛排
东来顺,东来顺
芒可港式甜品,芒可
川锅演义,"川国演义, 川锅演义"
MOVO意大利手工冰淇淋,"摩威冰淇淋, movo"
佳客来牛排,"佳客来, JOYCALLER"
淘汰郎小火锅外卖,淘汰郎
蓝樽咖啡,"蓝樽咖啡, Blue bottle, Bluebottle"
亚惠美食,亚惠美食
costa coffee,"咖世家, costa"
佳客来牛排专家,"佳客来, JOYCALLER"
江一湖重庆老火锅,江一湖
迪欧咖啡,迪欧咖啡
谭鸭血老火锅,谭鸭血
水天堂,水天堂
YO!Tea有茶,"有茶, YO! Tea, YO!Tea"
chikalicious,Chikalicious
海底捞自助火锅,海底捞
comebuy,"甘杯, COMEBUY"
新味捞王猪肚鸡,捞王
五条人糖水铺,五条人糖水铺
豪尚豪牛排馆,豪尚豪
媚娘の茶,媚娘の茶
大渝火锅,大渝火锅
布维记,布维记
吉野家,吉野家
爷茶,"爷茶, GRANDPA"
西树泡芙,"Chez Choux, 西树泡芙"
觅甜记甜品,觅甜记
hey juice茶桔便,"茶桔便, Hey Juice, HeyJuice"
汤饱宝,汤饱宝
inWE因味茶,"因味茶, inWE"
如创于茶,如创于茶
半兽人旋转小火锅,半兽人
Le Bonheur S本,"Le bonheur, Lebonheur"
茶百道,茶百道
萨莉亚,"萨莉亚, Saizeriya"
快乐柠檬,"快乐柠檬, Happy lemon, Happylemon"
新元素,"新元素, Elementfresh"
麦隆咖啡,"麦隆咖啡, MELLOWER"
台中牛排馆,台中牛排馆
吉野家,吉野家
Ice Demon,"冰雪怪, ICE DEMON, ICEDEMON"
笨茶,笨茶
锅小二食尚火锅,锅小二
INCHA印茶,"印茶, INCHA"
尚客优品,尚客优品
茶屋语・奶茶铺,"茶屋, TRDLO"
royaltea皇冕皇茶,"皇茶, royal tea, royaltea"
淘汰郎小火锅,淘汰郎
辛迪果饮鲜榨果汁,"辛迪果饮, cider drink, ciderdrink"
香港湾仔辉哥火锅,辉哥火锅
巴贝拉意式休闲餐厅,"巴贝拉, Babela"
甜贵人港台甜品,甜贵人
千味涮涮吧,千味涮
加拿大百怡咖啡,加拿大百怡咖啡
查理布朗咖啡专门店,查理布朗
老港记,老港记
芝士客皇茶,芝士客皇茶
重庆孔亮火锅,孔亮火锅
芋贵人,芋贵人
烹大师火锅,烹大师
bbqclub相约川味,"比比客, bbq"
塞纳左岸咖啡,"塞纳左岸, SsanaZoan"
必来客,"必来客, BELIKE"
一芳台湾水果茶,一芳台湾水果茶
维果部落,"维果部落, vingco"
麻辣小屋,麻辣小屋
过江龙火锅,过江龙火锅
孔亮火锅,孔亮火锅
漫咖啡厅,"漫咖啡, MAANCOFFEE"
蛋仔小茶,蛋仔小茶
一夫茶,一夫茶
外婆家乡味小厨・土锅土灶,外婆家
BBQ韩式炸鸡,"比比客, bbq"
鑫港澳门豆捞,澳门豆捞
茉沏,茉沏
芋观园,芋观园
玛格利塔・披萨・意面,"玛格利塔, Magritta"
外婆烧快餐,外婆烧
7分甜,7分甜
四川香天下火锅,香天下
金五门秘制火锅,金五门
啡域咖啡,啡域咖啡
啡域咖啡,啡域咖啡
茗记甜品,茗记甜品
SUNPARTY COFFEE,"圣巴里, SUNPARTY"
享辣f麻辣海鲜,辣f
西少爷面馆,西少爷
漾漾好贡茶,漾漾好贡茶
一夫茶,一夫茶
黑龙茶,黑龙茶
恋暖初茶,恋暖初茶
不二锅FUJIPOT小火锅,不二锅
德克士,"德克士, Dicos"
麦当劳,"麦当劳, ""MCDONALDS"""
honey creme,"Honey Creme, HoneyCreme"
重庆孔亮火锅,孔亮火锅
melting monkey,"慕婷, Meltin"
台资味,台资味
黑泷堂饮铺,黑泷堂
茶语时光,茶语时光
春阳茶事,春阳茶事
经士贡龙茶,经士贡龙茶
珍奶工坊,珍奶工坊
茶颜茶语,茶颜茶语
微咖啡,"微咖啡, MicroCoffee"
麦隆咖啡,"麦隆咖啡, MELLOWER"
丹堤咖啡,丹堤咖啡
microcoffee咖啡厅,"微咖啡, MicroCoffee"
太二酸菜鱼,太二酸菜鱼
吉野家,吉野家
青柠记忆泰式海鲜火锅,青柠记忆
玛丽莲甜品,玛丽莲
许留山,许留山
周麻婆,周麻婆
小摘堂茶饮品,小摘堂茶
帕斯库奇咖啡,"帕斯库奇, Pascucc"
三不牛腩,三不牛腩
珍仕鲜榨果汁JAZCU,"珍仕, Jazcu"
室町品茶,室町品茶
和茶仓,和茶仓
东来顺饭庄,东来顺
淳百味,淳百味
illy咖啡厅,illy咖啡
茗记甜品,茗记甜品
捞王羊肉煲・鹅煲,捞王
茶颜悦色,茶颜悦色
麻麻辣府,辣府
大娘水饺,大娘水饺
LA NUOVA乐诺华,"LA NUOVA, LANUOVA"
必胜客,必胜客
陶然居,陶然居
港饮之港,港饮之港
关茶,关茶
大渝火锅,大渝火锅
小龙坎老火锅,小龙坎老火锅
探茶,探茶
DECHOCOLATECOFFEE,"迪巧克, DE CHOCOLATE, DECHOCOLATE"
载沅家炒酸奶,载沅家
谷子帝五谷煎饼,谷子帝
咖啡之翼自助咖啡机,咖啡之翼
大快活,大快活
张阿姨奶茶,张阿姨奶茶
Dairy Queen冰雪皇后,"冰雪皇后, Dairy Queen, DairyQueen"
周麻婆,周麻婆
满记甜品,满记甜品
狗不理灌汤包,狗不理
星角榴芒冰锅,"星角, Mango star, Mangostar"
Venchi,venchi
请用茶,请用茶
甜品时间,"甜品时间, DessertMemory"
快乐柠檬,"快乐柠檬, Happy lemon, Happylemon"
意大利咖啡,"意大利咖啡, Cafe Barbera, CafeBarbera"
弥茶,弥茶
茶与布朗,茶与布朗
咔晏鹛鹑,咔晏鹛鹑
东池便当,东池便当
李先生牛肉面大王,"李先生, Mrlee"
陶然居,陶然居
一点味餐厅,一点味餐厅
杰克西餐厅,杰克西餐厅
TWOSOME途尚咖啡,"途尚咖啡, Twosome"
巴四老城区炭火蛙锅,巴四老城区炭火蛙锅
面点王,面点王
宇治茶铺,宇治茶铺
cafe de paris甜品店,"帝佰利, cafe de Paris, cafedeParis"
Coffee Box,"连咖啡, Coffee Box, CoffeeBox"
Hollys Coffee 豪丽斯咖啡,"豪丽斯, HOLLYS COFFEE, HOLLYSCOFFEE"
重庆德庄火锅,德庄火锅
相思蜜哒,相思蜜哒
WHO’STEA,"胡子茶, WHO’S TEA, WHO’STEA"
阿华大虾,阿华大虾
小蒙牛全牛香汤火锅,小蒙牛
蒸功夫早点,蒸功夫
非茶不可,非茶不可
良木缘咖啡厅,良木缘
乡村基,"乡村基, CSC"
本宫的茶,本宫的茶
印茶INCHA,"印茶, INCHA"
媚娘の茶,媚娘の茶
重庆小天鹅火锅,重庆小天鹅
好伦哥,"好伦哥, Origus"
春阳茶事,春阳茶事
沐台湾舒果鲜茶店,沐台
良木缘咖啡西餐,良木缘
华夫班特咖啡吧,"华夫班特, waffle bant, wafflebant"
年年大丰收鱼庄,年年大丰收鱼庄
肯德基恒隆甜品站,"肯德基, KFC"
红屋牛排,红屋牛排
巴乡鱼头,巴乡鱼头
庆丰包子铺,庆丰包子铺
大渝火锅,大渝火锅
优果,"优果, Yogo Juice, YogoJuice"
弥茶,弥茶
粥鼎记港台名吃,粥鼎记
猫屎咖啡Kopiluwak Coffee,猫屎咖啡
王子拉茶,王子拉茶
重庆巴山味庄火锅串串,巴山味庄
布歌东京Mvuke Tokyo,"布歌东京, mvuke tokyo, mvuketokyo"
江一湖重庆火锅,江一湖
重庆秦妈火锅,秦妈火锅
Zoo Coffee,"动物园咖啡, zoo coffee, zoocoffee"
麦当劳,"麦当劳, ""MCDONALDS"""
Seesaw Coffee,"西舍咖啡, Seesaw Coffee, SeesawCoffee"
重庆齐齐火锅,齐齐火锅
乡村基,"乡村基, CSC"
TWOSOME途尚咖啡,"途尚咖啡, Twosome"
淳百味私房菜,淳百味
哈根达斯,哈根达斯
猫屎咖啡,猫屎咖啡
榴芒一族,榴芒一族
1点点,"1点点, 1cc"
仙芋世家,仙芋世家
四海游龙,四海游龙
雪花姐姐鲷鱼烧,雪花姐姐
DORABELLA 朵娜贝拉,"朵娜贝拉, dorabella"
意浓咖啡世界,意浓咖啡
欢乐柠檬力宝店,欢乐柠檬
天天健康煮新概念火锅,健康煮
乡水源火锅,乡水源
鱼豆吉・豆浆鱼火锅,鱼豆吉
北家姓转转小火锅,北家姓
NenluTea,"嫩绿茶, Nenlu Tea, NenluTea"
zoocoffee,"动物园咖啡, zoo coffee, zoocoffee"
熬八年台湾火锅,熬八年
彩虹雪雪花冰,彩虹雪
马克西姆俄罗斯餐厅,"马克西姆, Maxims"
许府牛火锅・祖传牛骨头汤,许府牛
树心旁芝士小栈,树心旁
德克士,"德克士, Dicos"
狗不理美食城,狗不理
嘉和一品粥,嘉和一品
糖半甜,糖半甜
兰特伯爵西餐厅,兰特伯爵
有拈头成都市井火锅,有拈头
蒸浏记,蒸浏记
斯利美,斯利美
SPR COFFEE,"SPR咖啡, SPR COFFEE, SPRCOFFEE"
小蒙牛麻辣养生锅,小蒙牛
重庆秦妈火锅,秦妈火锅
澳门豆捞,澳门豆捞
奶茶工坊,奶茶工坊
蜜坐茶物语,蜜坐
贵族世家牛排,贵族世家牛排
恩茶,"恩茶, ENCHA"
LEEACCA靓茶,"靓茶, leeacca"
尚上捞旋转小火锅店,尚上捞
三只耳火锅,三只耳
虾吃虾涮,虾吃虾涮
玛格利塔,"玛格利塔, Magritta"
杏记甜品,杏记甜品
集渔・泰式海鲜火锅,集渔
欧包与茶,欧包与茶
萨莉亚意式餐厅,"萨莉亚, Saizeriya"
三不牛腩火锅,三不牛腩
糖半甜私房蛋糕,糖半甜
觅甜记甜品,觅甜记
许留山港式甜品,许留山
九龙巴士港式奶茶,九龙巴士
漫猫咖啡,漫猫咖啡
茶桔便,"茶桔便, Hey Juice, HeyJuice"
四云奶盖贡茶,四云奶盖贡茶
巴奴毛血旺,巴奴
TASTY,"西堤牛排, Tasty"
外婆烧鸭,外婆烧
豪客来牛排,"豪客来, houcaller"
左庭右院鲜切牛肉火锅,左庭右院
七杯茶,七杯茶
蛙来哒炭烧牛蛙,蛙来哒
SPR COFFEE,"SPR咖啡, SPR COFFEE, SPRCOFFEE"
味蜀吾老火锅,味蜀吾
泡泡.撞茶,泡泡撞茶
四海游龙,四海游龙
THEONE,"炭茶, THEONE"
李先生加州牛肉面,"李先生, Mrlee"
李先生蚌埠财富广场餐厅,"李先生, Mrlee"
布歌东京,"布歌东京, mvuke tokyo, mvuketokyo"
永和大王,"永和大王, 台式风味的精致快餐"
正新鸡排,正新鸡排
粥全粥到,粥全粥到
YO!Tea有茶,"有茶, YO! Tea, YO!Tea"
甜甜圈&咖啡,"甜甜圈, DAYLIGHT DONUTS, DAYLIGHTDONUTS"
百客家快餐,百客家
黑玉奶茶・甜品・炸鸡杯,黑玉奶茶
东池便当,东池便当
贡茶,贡茶
埃尔咖啡,埃尔咖啡
虾吃虾涮,虾吃虾涮
水天堂西餐厅,水天堂
香芋仙甜品店,香芋仙
七杯茶,七杯茶
面点王,面点王
La Kaffa,"六角咖啡, La Kaffa, LaKaffa"
载沅家炒酸奶,载沅家
找茶趣饮吧,"找茶, I tea, Itea"
茶大爷&松枝记,"茶大爷, teadaye"
五条人糖水铺・今天你好靓,五条人糖水铺
布歌东京MvukeTokyo,"布歌东京, mvuke tokyo, mvuketokyo"
永和豆浆,永和豆浆
星期五炸鸡汉堡,"星期五, FRIDAYS"
亚惠美食广场,亚惠美食
傣妹火锅,傣妹火锅
埃尔咖啡,埃尔咖啡
街头茶客,街头茶客
东来顺,东来顺
周麻婆,周麻婆
富公馆茶室,富公馆
周麻婆,周麻婆
豪尚豪牛排馆,豪尚豪
功夫小子,功夫小子
春阳茶事,春阳茶事
鹿谷u茶,鹿谷u茶
关茶,关茶
啡域咖啡,啡域咖啡
蒸浏记,蒸浏记
集渔帆海鲜楼,集渔
索菲克披萨,"索菲克, Sofeco"
吉野家,吉野家
上上仙,上上仙
外婆家手擀面,外婆家
肯德基,"肯德基, KFC"
芒可爱,芒可
老乡鸡,老乡鸡
弥茶,弥茶
茉沏,茉沏
喜虾客,喜虾客
鱼尚鲜草帽石锅鱼,鱼尚鲜
松竹火锅店,松竹
DQCakeDesign・戴卿甜品,DQ
谭鸭血老火锅,谭鸭血
糖百府,糖百府
冰雪皇后,"冰雪皇后, Dairy Queen, DairyQueen"
豪尚豪牛排,豪尚豪
下一站奶茶文化专门店,下一站奶茶
萃茶师,萃茶师
汉堡王子,"汉堡王, BurgerKing"
本宫的茶饮品店,本宫的茶
寻芋记,寻芋记
哈根达斯,哈根达斯
趣捞,趣捞
豪享来牛排,豪享来
巴山味庄重庆串串火锅,巴山味庄
蜜,蜜
松竹农庄,松竹
西少爷肉夹馍,西少爷
齐齐火锅店,齐齐火锅
欧米奇咖啡,"欧米奇, AMICI COFFEE, AMICICOFFEE"
百特喜,"百特喜, BAKERS"
汉堡王,"汉堡王, BurgerKing"
马克西姆西餐厅,"马克西姆, Maxims"
仙芋传奇甜品,仙芋传奇
素匠泰茶,素匠泰茶
佳客来牛排专家,"佳客来, JOYCALLER"
一陌茶旅,一陌茶旅
下一站奶茶,下一站奶茶
好伦哥烤肉店,"好伦哥, Origus"
大家乐,大家乐
MangoMango 港式甜品,"芒果芒果, Mango Mango, MangoMango"
星期五小院,"星期五, FRIDAYS"
非清真・味蜀吾老火锅店,味蜀吾
上海楚仁物贸有限公司,仁物
雅山茶屋,"雅山, gazan"
豪爽来,豪爽来
大渝火锅,大渝火锅
乌所味,乌所味
Caffebene,"咖啡陪你, Caffebene"
星巴克,"星巴克, Starbucks"
Missmilk,"MissMilk酸奶家族, MissMilk"
胡须张鲁肉饭,胡须张
胡须张鲁肉饭,胡须张
猫山王,"猫山王, Musang King, MusangKing"
Dairy Queen,"冰雪皇后, Dairy Queen, DairyQueen"
素百味自助健康蔬食汇,素百味
牛涮锅,"牛涮锅, Mou Mou Club, MouMouClub"
尼珂波咖啡,"尼珂波咖啡, NICBOOY"
江一湖,江一湖
芒可,芒可
华必和,华必和
永和大王,"永和大王, 台式风味的精致快餐"
果麦奶茶,果麦
两岸咖啡,两岸咖啡
冰果彩虹,"冰果彩虹, ICEGOBOW"
Y茶,"Y茶, ding tea, dingtea"
雪花姐姐,雪花姐姐
啦滋多拿滋,"啦滋多拿滋, Lozzi"
御厨传奇自助烤肉火锅,御厨传奇
麻里麻里香锅,麻里麻里香锅
好伦哥,"好伦哥, Origus"
Lavazza Coffee,"拉瓦萨, LAVAZZA"
巴里岛咖啡,巴里岛咖啡
芋观园,芋观园
小龙坎老火锅,小龙坎老火锅
Seesaw Coffee,"西舍咖啡, Seesaw Coffee, SeesawCoffee"
麦地初茶,麦地初茶
北家姓旋转小火锅,北家姓
SweetCorner甜蜜转身,"甜蜜转身, Sweet Corner, SweetCorner"
布歌东京,"布歌东京, mvuke tokyo, mvuketokyo"
沙美花庭,沙美花庭
春阳茶事,春阳茶事
素匠泰茶,素匠泰茶
玛格利塔,"玛格利塔, Magritta"
世界茶饮,世界茶饮
世界茶饮,世界茶饮
维果部落五个橙子,"维果部落, vingco"
榴芒一族,榴芒一族
COFFEE GROTTA咖啡洞,"咖啡洞, COFFEE GROTTA, COFFEEGROTTA"
8 bo tea,"8波茶, 8 bo tea, 8botea, 8bo tea"
musang.w精选榴莲甜品,"猫山王, musang.w"
辣f,辣f
爷茶,"爷茶, GRANDPA"
蓝湾咖啡,蓝湾咖啡
大队长主题火锅,大队长主题火锅
仙芋世家,仙芋世家
一芳水果茶,一芳水果茶
辣府火锅,辣府
茶公子与茶女仕,茶公子与茶女仕
TEDDY café,"泰迪咖啡, Teddy"
虾吃虾涮虾火锅,虾吃虾涮
布歌东京Mvuke Tokyo,"布歌东京, mvuke tokyo, mvuketokyo"
有拈头成都市井火锅,有拈头
宫悦贡茶-宫廷好茶,宫悦贡茶
豪客来,"豪客来, houcaller"
8bo tea热饮,"8波茶, 8 bo tea, 8botea, 8bo tea"
阿牛与仙草,阿牛与仙草
漾漾好贡茶,漾漾好贡茶
MOROZOFF 摩洛索夫,morozoff
leonidas巧克力,"利奥尼达斯, LEONIDAS"
o2小氧,o2小氧
庆丰包子铺,庆丰包子铺
1点点,"1点点, 1cc"
西堤牛排,"西堤牛排, Tasty"
图兰朵休闲茶饮,"图兰朵, Turandot"
icorneri转角,"i转角, ICORNER"
愉筷重庆自选式中式快餐,愉筷
汕头八合里海记牛肉火锅店,八合里海记
港饮之港,港饮之港
原牧厂黑牛体验店,原牧厂
库布里克书店&Café+Kubrick,"库布里克, kubrick"
茉沏,茉沏
Dunkin Donuts唐恩都乐,"唐恩都乐, dunkin donuts, dunkindonuts"
星巴克,"星巴克, Starbucks"
COSTA COFFEE,"咖世家, costa"
呷哺呷哺欢乐送,呷哺呷哺
满记甜品,满记甜品
茶公子与茶女仕,茶公子与茶女仕
李先生,"李先生, Mrlee"
漫咖啡,"漫咖啡, MAANCOFFEE"
马兰拉面,"马兰拉面, Malan"
大渝火锅,大渝火锅
东方宫中国兰州拉面馆,东方宫
COSTA COFFEE,"咖世家, costa"
帕斯库奇咖啡Caffe Pascucci,"帕斯库奇, Pascucc"
蒸功夫饺子馆,蒸功夫
illy咖啡馆,illy咖啡
糖人甜品,糖人甜品
星期五海鲜撸串啤酒,"星期五, FRIDAYS"
芝士时光,芝士时光
雪冰sulbing,雪冰
Magritta Pizza,"玛格利塔, Magritta"
年年大丰收鱼庄,年年大丰收鱼庄
X造杯,X造杯
芒可楚翘城店,芒可
麻辣小屋,麻辣小屋
臻好时冻酸奶,臻好时冻酸奶
七叶和茶,"七叶和茶, nanass green tea, nanassgreentea"
果麦,果麦
黑玉奶茶店,黑玉奶茶
愉筷自助快餐,愉筷
许留山,许留山
素匠泰茶,素匠泰茶
x造杯,X造杯
AWON,"阿旺茶, AWON"
九鼎轩,九鼎轩
夏日沫沫茶,夏日沫沫茶
宾达,"宾达, BEAN BAR, BEANBAR"
OHAYO鲜奶工坊,OHAYO
比格披萨,"比格, Big Pizza, BigPizza"
喜棠铜管串串,喜棠
小南国包子王,小南国
蓝湾咖啡,蓝湾咖啡
德克士,"德克士, Dicos"
8波茶8botea,"8波茶, 8 bo tea, 8botea, 8bo tea"
迪欧咖啡,迪欧咖啡
趣捞涮涮锅,趣捞
一夫茶,一夫茶
蓝山咖啡,蓝山咖啡
海底捞辣-串门,海底捞
巴奴毛肚火锅,巴奴毛肚
毛家饭店,毛家饭店
华必和邻里厨房,华必和
杏记甜品,杏记甜品
